world_rank,university_name,country,teaching,international,research,citations,income,total_score,num_students,student_staff_ratio,international_students,female_male_ratio,year
1,California Institute of Technology,United States of America,95.6,64,97.6,99.8,97.8,95.2,"2,243",6.9,27,33 : 67,2016
2,University of Oxford,United Kingdom,86.5,94.4,98.9,98.8,73.1,94.2,"19,919",11.6,34,46:54:00,2016
3,Stanford University,United States of America,92.5,76.3,96.2,99.9,63.3,93.9,"15,596",7.8,22,42:58:00,2016
4,University of Cambridge,United Kingdom,88.2,91.5,96.7,97,55,92.8,"18,812",11.8,34,46:54:00,2016
5,Massachusetts Institute of Technology,United States of America,89.4,84,88.6,99.7,95.4,92,"11,074",9,33,37 : 63,2016
6,Harvard University,United States of America,83.6,77.2,99,99.8,45.2,91.6,"20,152",8.9,25,00:00:00,2016
7,Princeton University,United States of America,85.1,78.5,91.9,99.3,52.1,90.1,"7,929",8.4,27,45:55:00,2016
8,Imperial College London,United Kingdom,83.3,96,88.5,96.7,53.7,89.1,"15,060",11.7,51,37 : 63,2016
9,ETH Zurich _研 Swiss Federal Institute of Technology Zurich,Switzerland,77,97.9,95,91.1,80,88.3,"18,178",14.7,37,31 : 69,2016
10,University of Chicago,United States of America,85.7,65,88.9,99.2,36.6,87.9,"14,221",6.9,21,42:58:00,2016
11,Johns Hopkins University,United States of America,77.6,70,90.4,98.2,100,87.6,"15,128",3.6,23,50:50:00,2016
12,Yale University,United States of America,86.5,64.3,87.8,97.2,43.3,87.4,"11,751",4.4,20,50:50:00,2016
13,"University of California, Berkeley",United States of America,80.4,61.9,91.1,99.7,47.9,87.2,"36,186",16.4,15,50:50:00,2016
14,University College London,United Kingdom,78.1,94.4,91,94.2,40.5,87.1,"26,607",10.7,46,56:44:00,2016
15,Columbia University,United States of America,85.9,73.5,82.2,98.1,0,86.1,"25,055",5.9,28,00:00:00,2016
16,"University of California, Los Angeles",United States of America,80.8,56.4,88.6,98.5,47.9,85.8,"38,206",10.3,15,52:48:00,2016
17,University of Pennsylvania,United States of America,82,49.5,86.9,98.6,47.9,85.2,"20,376",6.5,20,51:49:00,2016
18,Cornell University,United States of America,77.9,63.9,86.1,97.2,33.7,84,"21,424",10.2,19,48:52:00,2016
19,University of Toronto,Canada,75.9,77.8,89.3,90.9,49.1,83.9,"66,198",19.5,15,00:00:00,2016
20,Duke University,United States of America,76,56.5,78,99,100,82.7,"15,172",4.8,17,49:51:00,2016
21,University of Michigan,United States of America,76.8,53.7,85.2,94.4,56.3,82.4,"41,786",9,16,48:52:00,2016
22,Carnegie Mellon University,United States of America,67.4,57.1,88.8,99.1,57.5,82.3,"11,885",13.1,35,39 : 61,2016
23,London School of Economics and Political Science,United Kingdom,69.8,93.6,80.6,94.3,32.2,81.3,0,0,0,00:00:00,2016
24,University of Edinburgh,United Kingdom,68.6,89.8,77.2,96.3,36.1,80.3,"25,774",14.1,36,58:42:00,2016
25,Northwestern University,United States of America,69.8,53.9,78.4,96.5,81.2,79.5,"18,334",13.8,15,48:52:00,2016
26,National University of Singapore,Singapore,71.7,96.2,84.5,79.4,49.8,79.2,"31,592",15.5,34,49:51:00,2016
27,King_验s College London,United Kingdom,64.5,93.8,75.8,93.8,40.1,78.2,"21,394",11.4,37,61:39:00,2016
28,Karolinska Institute,Sweden,60.6,73.1,81.1,92.2,75.8,77.5,"7,774",11.5,22,70:30:00,2016
29,LMU Munich,Germany,70.5,62.8,77.4,85.7,100,77.3,"35,691",15.5,13,62:38:00,2016
30,New York University,United States of America,74.7,49.3,72.3,95.3,30.4,77.2,"42,056",6.8,19,55:45:00,2016
31,_cole Polytechnique F诈d诈rale de Lausanne,Switzerland,61.3,98.6,67.5,94.6,65.4,76.1,"9,666",10.5,54,27 : 73,2016
32,University of Washington,United States of America,67.1,51.2,70,98.6,43.1,75.6,"44,020",11.8,13,53:47:00,2016
33,University of Melbourne,Australia,62,87.1,75.5,86.6,64.6,75.4,"40,128",23.7,35,55:45:00,2016
34,University of British Columbia,Canada,60.2,90.5,73.2,91.5,42.6,75.3,"50,152",17.6,25,54:46:00,2016
35,KU Leuven,Belgium,59.9,68.6,76.9,87.3,100,74.8,"42,503",41.9,18,54:46:00,2016
36,University of Illinois at Urbana0Champaign,United States of America,64.5,45.8,81.2,86.8,52.8,74.5,"42,727",18.7,20,47:53:00,2016
37,Heidelberg University,Germany,68.8,62.8,69.6,88.2,68.2,74.4,"28,881",24.5,17,55:45:00,2016
38,McGill University,Canada,66.1,85.5,72.1,78.9,40.3,72.6,"31,326",13.7,23,56:44:00,2016
39,"University of California, San Diego",United States of America,56.9,42.9,69.8,98.7,56.7,72.2,"27,233",6.5,11,48:52:00,2016
39,"University of California, Santa Barbara",United States of America,52.6,61.5,66,99.2,90.4,72.2,"22,020",27.3,11,52:48:00,2016
41,Georgia Institute of Technology,United States of America,57.8,71.5,72.7,86,73.7,72.1,"19,967",20.1,26,31 : 69,2016
42,Peking University,China,77.8,49.2,72.4,69.1,100,72,"40,148",8.3,14,00:00:00,2016
43,University of Tokyo,Japan,81.4,30.3,83,60.9,50.8,71.1,"26,199",5.7,10,00:00:00,2016
44,"University of California, Davis",United States of America,60.1,58.4,72.7,84.3,57.3,71,"35,364",13.9,13,54:46:00,2016
44,University of Hong Kong,Hong Kong,64.6,99.5,72.8,70.1,53.7,71,"19,835",17.6,38,53:47:00,2016
46,University of Texas at Austin,United States of America,59.3,31.7,69.7,92.2,63.1,70.3,"49,427",17.4,9,51:49:00,2016
47,Tsinghua University,China,73.3,39.5,83,58.8,100,70,"39,763",13.7,10,32 : 68,2016
47,Wageningen University and Research Center,Netherlands,52.6,70.3,66.9,87.8,100,70,"9,248",17,21,56:44:00,2016
49,Humboldt University of Berlin,Germany,63.7,62.6,77,73.6,36.1,69.9,"29,987",52.5,16,00:00:00,2016
50,University of Wisconsin0Madison,United States of America,65.1,33,68.2,86.6,48.5,69.7,"39,655",10.8,11,51:49:00,2016
51,Brown University,United States of America,62.8,57.8,55.7,96.4,31.4,69.6,"8,653",10.1,19,00:00:00,2016
52,Australian National University,Australia,54.7,93.3,77.3,72.3,48,69.5,"14,604",19.2,35,52:48:00,2016
53,Technical University of Munich,Germany,61,63.8,66,80.1,99.2,69.4,"35,565",31.5,20,33 : 67,2016
54,_cole Normale Sup诈rieure,France,70.6,85.5,47.7,87.1,37.1,69,"2,400",7.9,20,46:54:00,2016
55,Nanyang Technological University,Singapore,48.4,94.6,61.3,85.6,99.9,68.2,"25,028",16.2,33,48:52:00,2016
56,University of Manchester,United Kingdom,58.4,87,66,77.3,42,68.1,"34,938",15.3,34,52:48:00,2016
56,University of Sydney,Australia,54.3,84.4,68.1,77.5,72.4,68.1,"41,868",20.2,28,57:43:00,2016
58,University of Amsterdam,Netherlands,52.2,66.5,64.7,87.4,62.8,67.8,"24,570",14.4,11,53:47:00,2016
59,Hong Kong University of Science and Technology,Hong Kong,49.4,80.5,66.1,82.6,68.1,67.2,"11,385",23.8,36,00:00:00,2016
60,The University of Queensland,Australia,49.2,89.3,62.8,82.4,76.7,67,"34,718",32.7,27,53:47:00,2016
60,Washington University in St Louis,United States of America,54.3,44.9,55.6,99.2,33.5,67,"12,528",5.7,17,00:00:00,2016
62,Utrecht University,Netherlands,48.1,55.8,64.3,88.1,89.1,66.6,"30,779",15.4,7,59:41:00,2016
63,University of North Carolina at Chapel Hill,United States of America,58,39,54.5,95.9,39.4,66.4,"26,518",7.3,8,58:42:00,2016
64,Boston University,United States of America,57.8,51,49.5,97.7,30.3,66.1,"24,789",8.6,17,58:42:00,2016
65,Delft University of Technology,Netherlands,55,84,73.8,61.5,100,65.9,"15,920",19.4,25,26 : 74,2016
65,University of Minnesota,United States of America,53.5,35.3,61,88,98.5,65.9,"46,825",18,13,52:48:00,2016
67,Leiden University,Netherlands,50.5,64.3,63.1,85.2,49.8,65.7,"21,222",17.1,10,59:41:00,2016
68,University of Southern California,United States of America,49.3,56.3,58.9,93,38,65.5,"36,534",12.9,20,52:48:00,2016
69,University of Bristol,United Kingdom,47.6,82.4,51.6,91.2,40,64.3,"17,906",14,25,53:47:00,2016
70,Durham University,United Kingdom,47.9,86.4,51.9,87.7,34.4,63.6,"15,489",15.7,24,54:46:00,2016
71,Erasmus University Rotterdam,Netherlands,37.2,76.1,55.2,95.6,54.6,63.5,"20,580",18.9,18,48:52:00,2016
72,Free University of Berlin,Germany,57.9,69.2,72.2,60.2,35.1,63.2,"33,062",39.3,20,58:42:00,2016
73,Monash University,Australia,48.1,87.6,58.5,73.3,79.7,62.5,"50,882",40.5,36,56:44:00,2016
74,University of Groningen,Netherlands,43.3,63.9,56.9,84,92.4,62.4,"24,556",25.6,12,52:48:00,2016
75,Pennsylvania State University,United States of America,50.4,40.8,61.9,80.5,56.2,62.3,"44,501",12.4,12,46:54:00,2016
76,University of Glasgow,United Kingdom,41.6,85.8,48.3,92.3,31.6,61.9,"22,616",16,29,57:43:00,2016
76,University of Helsinki,Finland,48.4,51.8,60.4,82.1,31.6,61.9,"23,505",15.1,6,66:34:00,2016
78,University of T_bingen,Germany,47,58.2,59.8,79.3,59.2,61.7,"28,327",38.9,12,58:42:00,2016
79,University of Pittsburgh,United States of America,50.6,33.9,50.3,92.3,39.3,61.5,"26,485",5.8,10,51:49:00,2016
80,University of Warwick,United Kingdom,47.4,90.3,53.1,78.2,37.7,61.3,"18,529",16.6,37,48:52:00,2016
81,Uppsala University,Sweden,44.1,59.6,61,80.9,39.5,61.2,"25,266",18.2,12,57:43:00,2016
82,University of Copenhagen,Denmark,49.8,83.3,42.7,86.2,45,61,"27,545",4.1,19,67:33:00,2016
82,University of New South Wales,Australia,40.7,89.5,53.9,82.1,50,61,"38,309",25.9,33,47:53:00,2016
84,University of Freiburg,Germany,47.4,60.3,51.1,80.5,100,60.7,"26,467",31.2,16,52:48:00,2016
85,Seoul National University,South Korea,66.5,30.9,70.5,50,85.4,60.5,"26,389",13.9,10,00:00:00,2016
86,University of St Andrews,United Kingdom,49.7,92.3,47.3,78.8,30.6,60.4,"8,338",12.7,47,56:44:00,2016
87,Vanderbilt University,United States of America,47.8,29.1,44.2,95.7,63.2,60.1,"12,161",3.6,10,52:48:00,2016
88,Kyoto University,Japan,70.6,26.1,69.3,46.6,79,59.9,"22,809",5.6,7,00:00:00,2016
88,Maastricht University,Netherlands,37.5,95.5,47.7,82.7,95.4,59.9,"15,626",18.9,48,56:44:00,2016
90,Emory University,United States of America,48.3,51,37.1,96.7,48.9,59.7,"12,338",4.5,18,56:44:00,2016
90,Lund University,Sweden,39.7,74.1,53.6,81.3,70.4,59.7,"28,251",11.5,15,00:00:00,2016
90,Ohio State University,United States of America,51.6,53,46.6,83.2,53.1,59.7,"51,462",13.4,12,49:51:00,2016
93,University of Exeter,United Kingdom,39.4,87.3,40,94.3,31.9,59.5,"17,755",18.8,28,54:46:00,2016
94,University of Bonn,Germany,45.1,63.6,47.5,85.3,0,58.8,"32,474",70.4,13,55:45:00,2016
94,Georgetown University,United States of America,54.4,52.7,39.3,82.5,80.7,58.8,"15,408",8.5,14,53:47:00,2016
94,McMaster University,Canada,39.8,76.1,44.8,84.9,88,58.8,"23,823",19.3,15,53:47:00,2016
97,University of Sheffield,United Kingdom,42.4,81.9,48.8,80.1,43.4,58.6,"23,311",15.5,31,50:50:00,2016
98,Queen Mary University of London,United Kingdom,34.1,93.5,41.3,93.3,36.8,58.5,"14,260",14,40,52:48:00,2016
99,University of G_ttingen,Germany,49.3,56.4,54.5,72.7,31.8,58,"25,581",25.6,12,51:49:00,2016
99,Michigan State University,United States of America,47.3,56.4,52.6,76.8,32.2,58,"44,750",15.7,15,51:49:00,2016
101,University of Basel,Switzerland,39.5,94.7,33.1,88.3,99.9,57.9,"12,551",17.3,24,54:46:00,2016
101,_cole Polytechnique,France,53.5,92.8,44.6,64.7,82.3,57.9,"2,429",4.8,30,0.806944444,2016
101,Rice University,United States of America,37.9,66.6,35.1,99.7,41.7,57.9,"6,333",9,26,44:56:00,2016
104,Dartmouth College,United States of America,50.7,38.3,35.8,93.3,40.8,57.8,"6,178",6.6,16,47:53:00,2016
104,University of Zurich,Switzerland,49.5,90.4,31.5,85.4,44,57.8,"26,583",6.5,19,57:43:00,2016
106,Aarhus University,Denmark,36.9,76.8,50.7,79.8,68.3,57.7,"23,895",13.6,14,54:46:00,2016
106,"University of California, Irvine",United States of America,39.9,59.2,41.8,91.6,48.9,57.7,"26,614",16.1,16,52:48:00,2016
106,University of Mannheim,Germany,34.5,64.6,47.7,86.9,85.3,57.7,"11,761",85.8,15,55:45:00,2016
108,University of Notre Dame,United States of America,47.6,47.6,48.1,81.7,33.7,57.6,"11,829",13.8,10,44:56:00,2016
109,University of Western Australia,Australia,33.4,92.6,46.1,83.6,64.5,57.5,"20,851",20.7,27,50:50:00,2016
110,RWTH Aachen University,Germany,49.4,54.1,56.3,63.2,98.1,57.2,"37,917",27.6,16,31 : 69,2016
110,University of Southampton,United Kingdom,39.8,88.4,43.6,82,37.5,57.2,"20,925",13.5,29,53:47:00,2016
112,Scuola Normale Superiore di Pisa,Italy,54.2,46.3,53.1,67.2,52,57.1,462,16.5,5,28 : 72,2016
113,University of Montreal,Canada,46.3,84.2,45.5,69.6,92.6,57,"38,264",20.3,25,57:43:00,2016
113,Pierre and Marie Curie University,France,52.8,74.1,32.7,82.9,37.4,57,"27,862",8.7,18,48:52:00,2016
113,Purdue University,United States of America,50.2,66.4,57.7,63.2,0,57,"39,256",18.1,22,42:58:00,2016
116,Pohang University of Science and Technology,South Korea,49.1,33.7,47.1,76.7,100,56.9,"3,055",10.1,4,0.888888889,2016
117,"University of Maryland, College Park",United States of America,45,43.5,42.1,88.2,32.3,56.7,"31,331",8.4,9,48:52:00,2016
118,Ghent University,Belgium,42.1,54.2,54.5,71.2,88.3,56.6,"32,166",34.1,9,57:43:00,2016
119,University of Birmingham,United Kingdom,39.4,82,41.8,82.7,34.7,56.2,"25,295",16.4,23,54:46:00,2016
120,University of Bern,Switzerland,40,83.7,42.5,76.6,82.9,56.1,"14,708",22.5,14,54:46:00,2016
120,University of Cape Town,South Africa,34.9,80.2,38.7,85.6,92.7,56.1,"20,040",12.1,18,53:47:00,2016
120,University of Florida,United States of America,51.8,33.3,56.8,67.7,0,56.1,"50,095",18.7,9,54:46:00,2016
123,University of Erlangen0Nuremberg,Germany,51.7,47,39.7,75.2,99.4,56,"36,146",53.9,9,49:51:00,2016
123,"Rutgers, the State University of New Jersey",United States of America,43.9,34.7,55.7,75.4,35.9,56,"37,032",17.3,8,51:49:00,2016
125,University of M_nster,Germany,40.3,46.3,44.1,85.6,58.2,55.9,"39,838",46.1,8,53:47:00,2016
125,Radboud University Nijmegen,Netherlands,34.3,60.9,48.5,84.9,39.2,55.9,"17,713",13,10,58:42:00,2016
127,University of Colorado Boulder,United States of America,39.7,36.6,37.6,96.4,35.7,55.8,"29,325",16.1,8,45:55:00,2016
127,Tufts University,United States of America,45.2,49.4,33.3,90.1,60.7,55.8,"10,410",10,14,54:46:00,2016
129,"Royal Holloway, University of London",United Kingdom,35.1,92.7,33.2,91.2,34.4,55.7,"8,747",15.9,37,57:43:00,2016
130,Lancaster University,United Kingdom,34,87,41.4,85.3,33.6,55.6,"11,512",14.9,33,52:48:00,2016
131,University of Geneva,Switzerland,34.9,98.5,40.5,78.5,72.4,55.4,"15,668",15,39,61:39:00,2016
131,University of York,United Kingdom,41.9,83.5,46.3,73.1,31.1,55.4,0,0,0,00:00:00,2016
133,Case Western Reserve University,United States of America,46.1,40.5,33.2,92,34.1,55.3,"9,259",6.4,17,48:52:00,2016
133,University of Leeds,United Kingdom,43.7,77.4,39,79.2,36.7,55.3,"27,703",14.7,21,58:42:00,2016
135,University of Oslo,Norway,43.3,68.2,44.7,75.5,38.3,55.1,"27,139",18.8,18,00:00:00,2016
136,Stockholm University,Sweden,34.1,48.5,51.2,82.5,31.1,54.8,"31,715",23.7,8,62:38:00,2016
137,University of Alberta,Canada,46.4,80.7,48.1,63.6,47.4,54.7,"36,299",21.6,23,55:45:00,2016
138,Chinese University of Hong Kong,Hong Kong,41.5,81.1,48.5,68.4,37.5,54.5,"17,916",10.2,22,53:47:00,2016
138,Karlsruhe Institute of Technology,Germany,37.7,56.7,47.5,73.8,99.5,54.5,"25,294",24.6,16,26 : 74,2016
140,University of Sussex,United Kingdom,33.4,88.3,37.2,86.1,30.6,54.4,"12,001",17.4,35,54:46:00,2016
141,University of Massachusetts,United States of America,40.2,48.9,36.3,88.1,52.2,54.3,"56,959",13,11,49:51:00,2016
142,University of Vienna,Austria,40.8,92.6,50.5,63.6,30.2,54.2,"34,651",20.5,25,67:33:00,2016
143,University of Nottingham,United Kingdom,40.3,80.6,39,77.5,39.8,54.1,"30,144",15,27,54:46:00,2016
144,"University of California, Santa Cruz",United States of America,31.1,45.6,34.2,99.9,36.1,53.9,"17,404",22.7,1,53:47:00,2016
144,University of Lausanne,Switzerland,30.9,89.2,45.6,76.2,56,53.9,"11,964",13.1,22,00:00:00,2016
146,Autonomous University of Barcelona,Spain,40.3,50.3,40,83.8,34.9,53.8,"30,538",12.3,10,59:41:00,2016
147,University of Virginia,United States of America,38.8,43.4,37.5,87.3,37.9,53.3,"23,845",10.2,12,52:48:00,2016
148,Korea Advanced Institute of Science and Technology (KAIST),South Korea,43.3,33.9,40.5,75.9,100,53,"9,027",10,9,0.888888889,2016
149,University of Adelaide,Australia,32.8,85.1,43.2,72.4,79.3,52.9,"20,771",30.1,26,48:52:00,2016
149,University of East Anglia,United Kingdom,31.9,83.5,28.7,92.7,28.5,52.9,"14,992",14.7,28,58:42:00,2016
149,University of Twente,Netherlands,34.1,80.1,45.6,68.8,91.2,52.9,"6,631",12,26,37 : 63,2016
153,Sungkyunkwan University (SKKU),South Korea,51.4,36.7,53.5,53.8,97.5,52.8,"24,365",20.3,9,39 : 61,2016
154,VU University Amsterdam,Netherlands,28.4,54.9,37.1,90.7,60.1,52.5,"23,280",16.3,6,56:44:00,2016
155,KTH Royal Institute of Technology,Sweden,39,84.4,44.3,63.9,78.1,52.4,"12,062",14.6,21,30 : 70,2016
156,University of Cologne,Germany,42.2,53.1,38,75,68.5,52.3,"43,280",43.4,11,60:40:00,2016
157,University of Liverpool,United Kingdom,32.8,85.4,30.9,85.9,36.6,52.2,"18,815",13.6,30,52:48:00,2016
158,TU Dresden,Germany,41.4,47.7,45.8,66.1,99.7,52.1,"35,487",37.4,12,42:58:00,2016
158,University of Rochester,United States of America,39.7,55.8,27.9,89,37,52.1,"9,390",4.5,26,49:51:00,2016
160,Trinity College Dublin,Republic of Ireland,41.9,90.5,30.8,75.8,28,52,"15,521",18,25,57:43:00,2016
161,Lomonosov Moscow State University,Russian Federation,75.4,57.8,66.7,8.6,95.7,51.9,"30,822",7.7,20,43:57:00,2016
161,University of Miami,United States of America,41.7,64,22.3,90.1,35.5,51.9,"15,286",5.7,14,50:50:00,2016
163,University of Arizona,United States of America,38.7,38.6,41.8,79.5,32.4,51.7,"36,429",12.7,8,52:48:00,2016
164,Pompeu Fabra University,Spain,32.9,63.3,28,90.7,37.2,51.2,"10,901",18.3,13,59:41:00,2016
164,University of Reading,United Kingdom,39.3,85.1,37.3,69.9,34.2,51.2,"12,050",14.8,28,55:45:00,2016
164,Yeshiva University,United States of America,44.8,28.5,23.7,92.8,0,51.2,"6,753",5.5,7,53:47:00,2016
167,"University of California, Riverside",United States of America,27.5,59.5,33.3,91.2,42.5,51.1,"20,626",22,12,51:49:00,2016
167,University of Leicester,United Kingdom,32.1,86.6,27.8,86,31.7,51.1,"14,541",13.4,35,54:46:00,2016
167,National Taiwan University,Taiwan,54.1,27.7,58,47.3,49.6,51.1,"31,891",11.9,7,39 : 61,2016
167,Technical University of Denmark,Denmark,37.3,85.1,29.9,77.8,50,51.1,"9,990",5,18,27 : 73,2016
167,Universit诈 Catholique de Louvain,Belgium,38.7,74.2,40.6,68.4,51,51.1,"28,856",42,19,54:46:00,2016
172,University of Aberdeen,United Kingdom,29.7,91.4,31.4,82.6,43.1,51,"12,938",15.8,33,54:46:00,2016
172,University of Auckland,New Zealand,31.4,90.5,39.5,69.8,78,51,"29,787",18.9,28,54:46:00,2016
174,University of Barcelona,Spain,38.5,49.2,37.4,78.9,31.1,50.9,"47,491",12.2,10,62:38:00,2016
175,University of Konstanz,Germany,38.5,58.3,46.7,61.9,92.4,50.8,"10,930",59.1,12,54:46:00,2016
176,Eindhoven University of Technology,Netherlands,34.3,71.3,41,70.7,57.3,50.6,"8,176",16,14,0.847916667,2016
176,University College Dublin,Republic of Ireland,35,86.3,38.5,70.8,33.5,50.6,"22,193",24.5,23,00:00:00,2016
178,Hebrew University of Jerusalem,Israel,45.8,55.6,41.4,64.6,31.9,50.5,"17,612",10.7,5,55:45:00,2016
179,University of Waterloo,Canada,35.4,74.4,43.9,66.5,39.5,50.3,"30,726",24.2,14,45:55:00,2016
180,University of Gothenburg,Sweden,28.5,58.3,39.8,81.8,30.3,50.2,"26,420",16.4,12,00:00:00,2016
180,Scuola Superiore Sant_验Anna,Italy,42.5,45.2,23.2,84.5,71.2,50.2,769,8.5,17,35 : 65,2016
182,University of Bergen,Norway,32.5,70,31.5,82.4,36.2,50.1,"11,623",11.1,12,60:40:00,2016
182,Cardiff University,United Kingdom,30.9,78.1,31.6,82,34.6,50.1,"23,347",13.1,23,57:43:00,2016
182,University of Utah,United States of America,35.6,30.1,35.3,83.7,57.4,50.1,"25,674",16.9,9,45:55:00,2016
185,Brandeis University,United States of America,28.3,47,25.7,97.3,38.6,49.9,"5,495",12.6,22,55:45:00,2016
185,University of Dundee,United Kingdom,25.6,78.5,26.9,90.2,49.5,49.9,"11,628",15.3,25,60:40:00,2016
185,University of W_rzburg,Germany,34.6,50.9,35.8,79.1,47.9,49.9,"26,576",38.4,8,57:43:00,2016
188,Paris0Sud University,France,38.7,64.2,29,79.8,28.8,49.8,"27,603",15,17,00:00:00,2016
189,Arizona State University,United States of America,32.4,31.9,38.1,84.6,32,49.7,"83,236",29.9,9,50:50:00,2016
190,University of Antwerp,Belgium,31.6,64.8,40.8,71.7,60.3,49.6,"12,346",30.3,16,56:44:00,2016
190,Boston College,United States of America,34.1,60,29.3,83.3,46.8,49.6,"13,216",17.4,19,54:46:00,2016
192,Ulm University,Germany,35.2,58.2,23.9,86.4,58.4,49.5,"9,187",11.2,10,47:53:00,2016
193,University of Luxembourg,Luxembourg,25,99.8,26.7,84.8,38.1,49.4,"5,144",15.9,52,50:50:00,2016
193,Texas A&M University,United States of America,49.4,47.8,52.4,47.1,46.4,49.4,"50,657",21.4,9,47:53:00,2016
195,Charit诈 0 Universit_tsmedizin Berlin,Germany,37.3,61.1,22.2,83.8,68.4,49.3,"6,853",6.6,16,64:36:00,2016
196,Newcastle University,United Kingdom,30.9,84.3,27.5,81.5,34.7,49.2,"20,174",15.2,29,50:50:00,2016
196,"St George_验s, University of London",United Kingdom,25.6,69.5,18.1,100,37.7,49.2,"2,958",13.4,17,61:39:00,2016
198,University of Trento,Italy,30.8,55.9,27.4,87.7,47.1,49.1,"16,841",43.2,8,51:49:00,2016
199,Paris Diderot University _研 Paris 7,France,30.5,64.9,22.9,91,29,48.9,"27,756",14.8,17,63:37:00,2016
200,Queen_验s University Belfast,United Kingdom,34.1,93.4,33.3,68.9,35.7,48.8,"17,940",17.9,30,54:46:00,2016
201-250,Aalborg University,Denmark,25.1,71,28.4,73.8,43.7,0,"17,422",15.9,15,48:52:00,2016
201-250,"Birkbeck, University of London",United Kingdom,33.5,89.9,35.1,66.3,28.5,0,"9,454",17.2,38,55:45:00,2016
201-250,University of Bologna,Italy,39.3,39.9,29.5,73,34.5,0,"85,532",22.9,7,56:44:00,2016
201-250,University at Buffalo,United States of America,36.5,60.6,37.9,62,43.8,0,"25,668",19,19,47:53:00,2016
201-250,University of Calgary,Canada,33.9,70.1,36.7,67.8,52,0,"28,341",16.5,17,53:47:00,2016
201-250,Chalmers University of Technology,Sweden,36.6,77.6,35.3,52.2,79.5,0,"8,605",11.6,15,30 : 70,2016
201-250,City University of Hong Kong,Hong Kong,32.1,81.6,26.7,76.8,50.1,0,"10,015",7.1,28,51:49:00,2016
201-250,Copenhagen Business School,Denmark,19.3,88.5,26.5,79.4,35.3,0,"18,293",42.7,19,48:52:00,2016
201-250,Dalhousie University,Canada,30.4,78.3,29.4,65.2,50.3,0,"15,064",14.4,18,55:45:00,2016
201-250,University of Duisburg0Essen,Germany,32.3,48.5,27,81.3,82.3,0,"36,051",46.6,11,49:51:00,2016
201-250,_cole Normale Sup诈rieure de Lyon,France,41.6,65.6,30,69,31.7,0,"2,218",8,14,49:51:00,2016
201-250,Florida State University,United States of America,38.5,41.6,40.1,64.7,32,0,"41,226",31.8,7,55:45:00,2016
201-250,University of Fribourg,Switzerland,32.3,87.4,32.9,64.1,60.8,0,"10,416",46.9,19,58:42:00,2016
201-250,Fudan University,China,44.7,38.6,30.4,61.1,28,0,"32,175",12.2,11,50:50:00,2016
201-250,George Washington University,United States of America,44.7,48.1,23.5,65.7,29.5,0,"20,541",12,16,56:44:00,2016
201-250,Goethe University Frankfurt,Germany,35.8,60.2,28.6,79.3,38.1,0,"31,861",9.3,15,60:40:00,2016
201-250,University of Hawai_验i at Mnoa,Unisted States of America,32,63.4,35.5,67.7,44.7,0,0,0,0,00:00:00,2016
201-250,Hong Kong Polytechnic University,Hong Kong,29.3,79,35.2,63.3,45.1,0,"22,064",25.9,26,51:49:00,2016
201-250,University of Illinois at Chicago,United States of America,40.9,58.1,29.2,63.2,38,0,"24,313",9.2,17,53:47:00,2016
201-250,Indiana University,United States of America,43,41.2,27.3,74.8,0,0,"62,468",13.6,13,53:47:00,2016
201-250,University of Iowa,United States of America,41,32.3,26.7,73.5,54.1,0,"27,526",11.6,11,52:48:00,2016
201-250,Johannes Gutenberg University of Mainz,Germany,34.9,53.3,21.7,72.6,70.7,0,"35,609",32.6,10,58:42:00,2016
201-250,Joseph Fourier University,France,34.2,58.6,21.6,83.2,31.6,0,"16,130",12.1,13,00:00:00,2016
201-250,University of Kiel,Germany,32.3,49.4,20.5,89.5,0,0,"24,444",23.8,8,53:47:00,2016
201-250,Laval University,Canada,37.5,63.8,31.7,62.2,57.5,0,"27,227",16.2,12,00:00:00,2016
201-250,Medical University of Vienna,Austria,26.6,81.7,14.6,89.1,33.9,0,"7,426",2.9,28,50:50:00,2016
201-250,Northeastern University,United States of America,35.5,58.7,20.6,84,32.9,0,"18,539",15.1,26,50:50:00,2016
201-250,Oregon Health and Science University,United States of America,27.8,21.4,15.7,96,44.6,0,"2,838",1.1,3,65:35:00,2016
201-250,University of Otago,New Zealand,30.7,89.9,30.5,74.9,31.5,0,"18,600",20.3,21,57:43:00,2016
201-250,University of Ottawa,Canada,37.1,69.9,36.7,61.5,41.5,0,"36,733",26.3,15,60:40:00,2016
201-250,Paris Descartes University,France,24.6,49.1,28.8,83.3,29,0,"34,691",26.9,15,63:37:00,2016
201-250,Peter the Great St Petersburg Polytechnic University,Russian Federation,30.8,29.6,17.8,97.4,42.5,0,"17,155",7.2,8,40 : 60,2016
201-250,Polytechnic University of Milan,Italy,30.1,48.8,31.7,76.3,66.3,0,"30,025",22.2,12,34 : 66,2016
201-250,Royal Veterinary College,United Kingdom,26,81.7,27.8,74.9,45.5,0,"1,819",10.9,18,77:23:00,2016
201-250,Rush University,United States of America,37.7,21.8,17.4,88.9,45.4,0,"1,855",2.1,5,71:29:00,2016
201-250,Sapienza University of Rome,Italy,38,34.7,37.3,61.5,32.6,0,"120,986",32.3,7,59:41:00,2016
201-250,University of Science and Technology of China,China,46.7,21.4,36.6,67.2,80.3,0,"14,290",7.9,2,00:00:00,2016
201-250,University of South Florida,United States of America,24.8,45.1,35.7,73.4,99.8,0,"31,424",21.5,10,00:00:00,2016
201-250,Stony Brook University,United States of America,32.6,53.2,22,83,33.4,0,"21,908",10.9,24,50:50:00,2016
201-250,University of Stuttgart,Germany,40,52.7,44.5,55.7,99.8,0,"24,099",45.4,20,31 : 69,2016
201-250,Swedish University of Agricultural Sciences,Sweden,31.5,40.1,32.8,68.1,99.9,0,"3,879",4.6,0,67:33:00,2016
201-250,Technical University of Darmstadt,Germany,37.1,54.4,43.2,51.1,99.1,0,"20,300",53.6,18,28 : 72,2016
201-250,University of Technology Sydney,Australia,27,90.1,35.1,66.9,42.3,0,"24,519",44.1,31,53:47:00,2016
201-250,Tel Aviv University,Israel,41,47.5,50.5,49.2,42.9,0,"23,977",24.4,4,0,2016
201-250,University of Texas at Dallas,United States of America,24.3,52.3,26.7,86.8,41.8,0,"16,306",22.8,23,44:56:00,2016
201-250,Tilburg University,Netherlands,34.1,71.6,47.1,51.5,57.4,0,"7,576",22.4,10,49:51:00,2016
201-250,Tohoku University,Japan,45.3,29.3,42.7,49.4,74.7,0,"17,200",5,7,25 : 75,2016
201-250,Tokyo Institute of Technology,Japan,45.6,31.9,47.6,42.2,70.9,0,"9,586",7.3,13,0.602083333,2016
201-250,University of Victoria,Canada,20.6,70.2,30,79,36.6,0,"17,581",21.5,11,56:44:00,2016
201-250,Wake Forest University,United States of America,34.6,24.2,19.5,94.8,42.5,0,"7,326",4.6,5,51:49:00,2016
201-250,University of Western Ontario,Canada,38.6,73.6,32.4,59,59.7,0,"27,387",20.7,16,54:46:00,2016
201-250,William & Mary,United States of America,38.5,26.6,17.5,85,29.1,0,"7,867",11.8,7,54:46:00,2016
201-250,University of the Witwatersrand,South Africa,26.2,68.4,31.5,76,99.7,0,"23,321",18.6,9,56:44:00,2016
251-300,Aalto University,Finland,31.1,65.4,32.8,62.1,61.6,0,"16,099",24.2,17,32 : 68,2016
251-300,Aix0Marseille University,France,36.7,63,22.1,64.9,33.1,0,"71,749",45.5,13,61:39:00,2016
251-300,University of Bath,United Kingdom,28.9,84.8,27.9,56.7,36.3,0,"12,830",18.8,30,46:54:00,2016
251-300,Bayreuth University,Germany,32.2,52.6,31.2,60.1,56.4,0,"12,520",35.5,8,46:54:00,2016
251-300,Bielefeld University,Germany,35.2,45.4,46.2,49.9,60.9,0,"21,428",67.8,8,57:43:00,2016
251-300,University of Bordeaux,France,25.3,54.6,22,71.7,30.6,0,"51,239",19.4,12,58:42:00,2016
251-300,Charles Darwin University,Australia,17.8,63.7,22.6,85.9,43.2,0,"5,570",25.4,15,67:33:00,2016
251-300,Colorado School of Mines,United States of America,28.5,35.5,30.3,71.8,83.7,0,"5,287",18.2,12,26 : 74,2016
251-300,Colorado State University,United States of America,31.6,34.5,33,59.3,41,0,"26,769",19,5,52:48:00,2016
251-300,University of Delaware,United States of America,23.7,41.6,34,70,98.7,0,"19,262",15.9,10,56:44:00,2016
251-300,Flinders University,Australia,21.4,64.7,25.7,69.5,41.7,0,"15,655",22.6,15,63:37:00,2016
251-300,University of Georgia,United States of America,41.1,39.2,30.5,52.2,30.9,0,"33,119",19.9,7,57:43:00,2016
251-300,Griffith University,Australia,22.5,81.7,25.2,66.3,34.6,0,"30,251",22,21,00:00:00,2016
251-300,University of Iceland,Iceland,16.2,61,16.2,91.4,28,0,"13,960",25.9,8,66:34:00,2016
251-300,Indian Institute of Science,India,42.7,16.4,47.2,42.4,52.4,0,"3,318",8.2,1,0.847916667,2016
251-300,Iowa State University,United States of America,31.2,35.4,29.4,61.5,54,0,"29,991",17.4,11,44:56:00,2016
251-300,James Cook University,Australia,19,70.4,22.8,81.4,40.7,0,"11,713",21.9,11,63:37:00,2016
251-300,Justus Liebig University Giessen,Germany,32.9,46.8,33.9,52.9,46.4,0,"25,682",53.9,9,62:38:00,2016
251-300,King Abdulaziz University,Saudi Arabia,23.9,93,11.8,76.6,73.1,0,"35,889",8.4,21,57:43:00,2016
251-300,Ko_ University,Turkey,21.2,53.5,27.1,74.9,82.4,0,"4,488",14.6,8,52:48:00,2016
251-300,Korea University,South Korea,43.9,40.2,43.4,41.8,99.8,0,"24,043",15.8,14,00:00:00,2016
251-300,University of Lige,Belgium,29.1,69.7,36.6,46.5,98.9,0,"20,951",25.9,23,54:46:00,2016
251-300,Link_ping University,Sweden,24.2,57.7,18.9,76.8,42.1,0,"17,866",7.7,10,52:48:00,2016
251-300,Nanjing University,China,37.2,50.4,32.2,54.2,58.6,0,"29,743",13.3,10,46:54:00,2016
251-300,National Tsing Hua University,Taiwan,37.7,23.2,36.6,53,49.5,0,"10,221",13.5,5,33 : 67,2016
251-300,"National University of Ireland, Galway",Republic of Ireland,27.3,76.5,25.4,68.5,41.9,0,"14,067",26.8,14,56:44:00,2016
251-300,University of Newcastle,Australia,27.4,75.9,26.5,67.2,64.4,0,"23,508",21.9,18,56:44:00,2016
251-300,North Carolina State University,United States of America,36.1,49,30.5,60,40.7,0,"30,533",13.6,11,44:56:00,2016
251-300,Oregon State University,United States of America,30.6,42.8,28.5,63.8,32.1,0,"22,578",16.8,9,47:53:00,2016
251-300,Osaka University,Japan,46.8,26.6,45.2,37.4,76.1,0,"23,144",7.8,9,31 : 69,2016
251-300,Queen_验s University,Canada,35.8,61.6,35.8,54.4,54.2,0,"20,488",22.1,10,58:42:00,2016
251-300,Queensland University of Technology,Australia,28.8,76,35.6,56,73.7,0,"33,391",35.8,17,54:46:00,2016
251-300,Rensselaer Polytechnic Institute,United States of America,30.4,40.3,31.5,65.1,79.6,0,"6,671",15,16,30 : 70,2016
251-300,Royal College of Surgeons in Ireland,Republic of Ireland,29.9,90.1,20.1,65.3,33.9,0,"2,473",15.6,63,55:45:00,2016
251-300,Ruhr University Bochum,Germany,32.8,51.7,30,54.4,66.6,0,"38,675",46.3,13,48:52:00,2016
251-300,Saint Louis University,United States of America,36.9,26.6,10.9,85,29.9,0,"11,919",5.8,8,58:42:00,2016
251-300,University of S眨o Paulo,Brazil,59.1,25.3,57.1,20.4,30.5,0,"81,402",14.6,4,48:52:00,2016
251-300,Simon Fraser University,Canada,23.2,61.4,29.2,72.8,42.3,0,"26,640",28.3,19,55:45:00,2016
251-300,University of Surrey,United Kingdom,31.7,90.4,28.9,51.2,34.9,0,"12,063",16.6,38,55:45:00,2016
251-300,Syracuse University,United States of America,31.4,38.3,20.8,77.1,36.3,0,"19,660",15.9,15,55:45:00,2016
251-300,University of Tasmania,Australia,21.8,79.1,25.7,68,42.7,0,"18,340",23.8,21,57:43:00,2016
251-300,"University of Tennessee, Knoxville",United States of America,29.5,39.3,23.2,81.4,41.3,0,"24,716",17,5,00:00:00,2016
251-300,Tomsk Polytechnic University,Russian Federation,31.6,32.7,15.1,82.4,60.2,0,"11,902",6.9,17,39 : 61,2016
251-300,Tulane University,United States of America,39.1,35.3,19.3,67.8,32.4,0,"11,381",8.4,8,56:44:00,2016
251-300,Ume University,Sweden,20.8,56.1,25,74.5,31.1,0,"16,667",11.9,7,60:40:00,2016
251-300,Vienna University of Technology,Austria,34.1,77.3,32,54.6,86.5,0,"26,419",52,27,27 : 73,2016
251-300,Virginia Polytechnic Institute and State University,United States of America,34.9,29.5,38.2,54.2,43.3,0,"30,850",18.6,10,42:58:00,2016
251-300,University of Wollongong,Australia,25.8,86.8,28.4,59.3,57.9,0,"16,489",25.4,24,50:50:00,2016
251-300,Zhejiang University,China,44.3,19.6,46,36.1,96.2,0,"47,508",15.9,5,41:59:00,2016
301-350,Aberystwyth University,United Kingdom,21.6,72.2,18.9,67.2,31.3,0,"9,252",19.2,18,48:52:00,2016
301-350,University of Alaska Fairbanks,United States of America,25.1,53.5,23.1,63,51.2,0,"3,837",8.2,7,53:47:00,2016
301-350,Autonomous University of Madrid,Spain,35.6,48.6,30.9,46.9,33,0,"28,296",13,15,56:44:00,2016
301-350,Bangor University,United Kingdom,22.6,81.3,22.1,65.4,31,0,"9,567",19.5,22,55:45:00,2016
301-350,University of Bremen,Germany,30.9,50,32.7,50,46,0,"18,590",25.6,11,50:50:00,2016
301-350,University of Cincinnati,United States of America,31.3,28.3,20.4,72.1,35.3,0,"36,108",15.7,6,54:46:00,2016
301-350,University of Connecticut,United States of America,35.9,43.1,25.6,57,30.9,0,"25,742",13,11,51:49:00,2016
301-350,Deakin University,Australia,22.4,76.9,21.9,66.8,30,0,"32,713",30.4,17,60:40:00,2016
301-350,University of Essex,United Kingdom,33.9,93.7,33.3,38.6,28.9,0,"12,695",19.8,39,55:45:00,2016
301-350,George Mason University,United States of America,29.6,36.9,21.2,64.9,29.1,0,"26,622",17,7,54:46:00,2016
301-350,University of Greifswald,Germany,30.1,41.7,23.5,61.3,32.6,0,"10,931",24,6,55:45:00,2016
301-350,Gwangju Institute of Science and Technology,South Korea,35.2,36.2,42,43.7,45.2,0,"1,394",9.6,8,25 : 75,2016
301-350,University of Hohenheim,Germany,30.9,50.3,33.8,51.5,52.8,0,"9,163",41.2,13,56:44:00,2016
301-350,University of Innsbruck,Austria,23.6,95.7,16.9,67.3,39.9,0,"18,209",16.9,39,54:46:00,2016
301-350,Kazan Federal University,Russian Federation,21.9,25.5,12.3,87.5,42.4,0,"23,321",12.2,6,69:31:00,2016
301-350,University of Kent,United Kingdom,24.6,87.2,19.1,60.9,28.8,0,"17,638",14.4,27,53:47:00,2016
301-350,Leibniz University of Hanover,Germany,36.5,43.2,36.9,39,69.6,0,"22,401",62.7,12,41:59:00,2016
301-350,Macquarie University,Australia,28.5,90,27.2,52.3,33.1,0,"27,930",20,44,55:45:00,2016
301-350,Medical College of Wisconsin,United States of America,25.4,30.4,12.1,85.2,31.8,0,"1,211",0.6,5,48:52:00,2016
301-350,University of Milan,Italy,30.5,37.7,24.2,64.8,40.9,0,"58,618",24.3,5,60:40:00,2016
301-350,University of Milan0Bicocca,Italy,24.3,34.3,25.5,65.8,46.6,0,"33,370",72.5,5,60:40:00,2016
301-350,Montpellier University,France,38.7,54.4,16.7,59.5,31.9,0,"36,731",18.4,14,51:49:00,2016
301-350,Nagoya University,Japan,40.8,27.4,38.9,40.1,91.4,0,"15,529",7.9,10,29 : 71,2016
301-350,University of Naples Federico II,Italy,24.7,21.1,14.8,81.3,47.4,0,"83,653",64.2,1,00:00:00,2016
301-350,National Chiao Tung University,Taiwan,32.9,32,45.4,34.2,96.9,0,"12,646",16.6,5,27 : 73,2016
301-350,National Research Nuclear University MePhI,Russian Federation,43.9,27.5,24.1,52.8,28.1,0,"7,801",7.3,7,29 : 71,2016
301-350,National Taiwan University of Science and Technology (Taiwan Tech),Taiwan,31.7,30.5,43.1,39.1,92.2,0,"7,446",17.4,11,34 : 66,2016
301-350,University of Navarra,Spain,31.9,52.6,20.8,57.5,63.5,0,"11,259",10.6,16,52:48:00,2016
301-350,University of Nebraska0Lincoln,United States of America,30.1,45.8,30.2,53.5,35.6,0,"21,789",16.4,9,46:54:00,2016
301-350,_rebro University,Sweden,18.3,39.4,10.4,87.8,29.8,0,"8,788",15.8,2,61:39:00,2016
301-350,University of Oregon,United States of America,21.2,33.5,22.7,72.6,30.8,0,"24,418",20.2,11,52:48:00,2016
301-350,University of Padua,Italy,25.7,37.9,22.6,74.6,32.6,0,"62,577",18.3,4,56:44:00,2016
301-350,University of Pavia,Italy,25,40.5,22.5,65.1,69.4,0,"22,958",40.6,6,56:44:00,2016
301-350,Plymouth University,United Kingdom,19.3,64,18,75.2,28.5,0,"24,121",25.9,13,52:48:00,2016
301-350,Shanghai Jiao Tong University,China,37.8,27.5,45.2,34,92.9,0,"38,191",12.8,6,37 : 63,2016
301-350,University of Southern Denmark,Denmark,19.2,71.8,14.7,79.7,28,0,"22,210",12.7,16,52:48:00,2016
301-350,Stellenbosch University,South Africa,28.2,49.8,35,46.9,100,0,"21,849",23,8,53:47:00,2016
301-350,University of Strasbourg,France,25.5,71.6,23.4,64.4,32.8,0,"46,208",17.8,21,58:42:00,2016
301-350,Technical University of Dortmund,Germany,34.2,40.8,29.8,55.3,48.6,0,"29,143",88.9,10,47:53:00,2016
301-350,Technion Israel Institute of Technology,Israel,30.8,61.9,33.3,52.1,28.8,0,"13,855",19.4,4,35 : 65,2016
301-350,Toulouse 1 Capitole University,France,18.6,66.7,35.7,56.3,32.5,0,"19,011",43.8,19,59:41:00,2016
301-350,University of Trieste,Italy,26.5,47.3,18.5,74.1,32.3,0,"18,135",25.8,9,56:44:00,2016
301-350,University of Turin,Italy,27.4,38.8,22.3,67.5,54.2,0,"67,552",66,6,62:38:00,2016
301-350,University of Turku,Finland,27.1,66.2,21.2,65.8,31.2,0,"12,326",14.6,5,61:39:00,2016
301-350,Vrije Universiteit Brussel,Belgium,28.7,64.5,24.5,56.8,77.1,0,"9,020",17.1,16,55:45:00,2016
301-350,V_B 0 Technical University of Ostrava,Czech Republic,18.8,22.3,15.7,85.5,32.1,0,"14,991",23.9,5,49:51:00,2016
301-350,Yonsei University,South Korea,37.2,41.5,34.1,39.4,75.9,0,"24,774",11.6,14,00:00:00,2016
301-350,York University,Canada,30.2,58.2,30.8,49.1,33.2,0,"48,007",39.4,9,59:41:00,2016
351-400,Bilkent University,Turkey,22.6,47.5,17.5,64.1,30.2,0,0,0,0,00:00:00,2016
351-400,"Binghamton University, State University of New York",United States of America,22.7,53.6,17.4,62,34,0,"15,799",23.3,14,48:52:00,2016
351-400,University of Crete,Greece,18.6,47,19.2,73.6,34.5,0,"14,650",26.9,5,63:37:00,2016
351-400,University of Cyprus,Cyprus,18,74.7,28.5,56.7,30,0,"6,880",22.9,8,69:31:00,2016
351-400,Drexel University,United States of America,31.2,46.3,14.6,57.7,36.3,0,"20,713",10.8,18,48:52:00,2016
351-400,University of Eastern Finland,Finland,24.8,46.1,20.7,65.1,33.3,0,"10,798",17.3,6,64:36:00,2016
351-400,University of Florence,Italy,21.7,38.5,20.4,72.1,35.9,0,"54,290",17.2,7,59:41:00,2016
351-400,University of St Gallen,Switzerland,25.8,97.6,11.2,53.5,41.8,0,"6,848",10.8,34,32 : 68,2016
351-400,Graz University of Technology,Austria,26,69.3,15.8,52.9,77.2,0,"7,542",12.5,16,0.970833333,2016
351-400,University of Guelph,Canada,28,53.6,34.2,44.4,47.4,0,"21,643",28.3,4,60:40:00,2016
351-400,Hanyang University,South Korea,33.9,54.3,32.6,31.1,87.9,0,"16,729",10.4,19,00:00:00,2016
351-400,Hong Kong Baptist University,Hong Kong,22.6,75,12.1,67.9,28.8,0,"10,441",11,25,61:39:00,2016
351-400,University of Houston,United States of America,34.9,33.9,26.5,52,42.3,0,"40,325",43.7,9,50:50:00,2016
351-400,Indian Institute of Technology Bombay,India,37.8,17.7,28.6,48.5,42.3,0,"8,327",14.9,1,0.725,2016
351-400,Instituto Superior T诈cnico Lisboa,Portugal,22.2,43.7,25,59.8,38.8,0,"11,778",16.9,9,27 : 73,2016
351-400,University of Jyv_skyl_,Finland,28.2,47.1,25.5,55.5,34.2,0,"9,703",15.2,5,62:38:00,2016
351-400,La Trobe University,Australia,27,78,28.5,45.4,43.7,0,"22,037",29,27,63:37:00,2016
351-400,Loughborough University,United Kingdom,31.2,72.9,32.2,41.3,36.6,0,"13,951",15.9,22,38 : 62,2016
351-400,University of Manitoba,Canada,27.1,57.8,26.9,49.7,41.8,0,"28,576",27.8,11,55:45:00,2016
351-400,University of Missouri,United States of America,31.2,31,21,60.2,31.1,0,"29,885",14.1,5,53:47:00,2016
351-400,University of Modena and Reggio Emilia,Italy,18.7,34.2,15.6,72.9,32.3,0,"19,693",25.3,6,54:46:00,2016
351-400,University of Montana,United States of America,30.8,21.5,13.6,65.5,31,0,"12,470",15.2,3,54:46:00,2016
351-400,"National University of Ireland, Maynooth",Republic of Ireland,24.6,75.6,22.8,50.2,36.6,0,"7,653",28,11,55:45:00,2016
351-400,University of Nebraska Medical Center,United States of America,37,37.7,13.3,64.4,33.6,0,"2,857",2.6,8,67:33:00,2016
351-400,University of New Mexico,United States of America,25.6,28.6,15.4,74.5,37,0,0,0,0,00:00:00,2016
351-400,Norwegian University of Science and Technology,Norway,16.3,59.9,25.8,59.8,51.8,0,"17,381",13.9,9,46:54:00,2016
351-400,University of Oulu,Finland,23.1,56.9,15.9,62.3,30.9,0,"14,056",8.5,6,49:51:00,2016
351-400,Panth诈on0Sorbonne University _研 Paris 1,France,53.2,47.6,47.6,6.8,28.3,0,"42,215",34.3,20,59:41:00,2016
351-400,Polytechnic University of Turin,Italy,23.7,50.6,18.6,65.9,42.5,0,"27,709",19.6,16,29 : 71,2016
351-400,University of Rome III,Italy,23.1,35.9,21,64.8,37.5,0,"36,353",61.2,5,59:41:00,2016
351-400,Sabanc University,Turkey,22.3,42.7,32.3,52.8,70,0,"2,739",15.9,6,39 : 61,2016
351-400,San Diego State University,United States of America,20.3,25.9,27,62.7,29.3,0,"27,420",31.7,5,57:43:00,2016
351-400,University of South Australia,Australia,26.4,89,26.7,41.2,85.9,0,"18,971",26.2,32,59:41:00,2016
351-400,University of South Carolina,United States of America,31.1,24.5,21.5,58.7,30.3,0,"29,336",16.3,1,55:45:00,2016
351-400,University of South Dakota,United States of America,29.3,17.1,12.1,70.4,28,0,"8,003",17.1,2,61:39:00,2016
351-400,State University of Campinas,Brazil,44.6,21.1,42.3,22.6,49.4,0,"27,095",15.3,3,48:52:00,2016
351-400,University of Stirling,United Kingdom,22.6,77.7,23.5,59.1,30.4,0,"7,828",15.9,22,61:39:00,2016
351-400,Sun Yat0sen University,China,31.9,37,24.6,45.7,79.4,0,"51,351",16.6,8,51:49:00,2016
351-400,Swansea University,United Kingdom,22.2,72.4,23.8,58.2,32.7,0,"12,801",17.1,20,49:51:00,2016
351-400,Swinburne University of Technology,Australia,21.5,84.8,20.2,53.4,32.2,0,"20,314",36.5,33,44:56:00,2016
351-400,University of Tartu,Estonia,23.8,46.1,22.8,64.2,31.5,0,"10,269",13,3,66:34:00,2016
351-400,Temple University,United States of America,34,28.6,18.2,58.3,41.6,0,"33,268",13.3,5,51:49:00,2016
351-400,University of Texas at San Antonio,United States of America,18.1,29.6,16.6,74.9,28.6,0,"27,520",26.9,6,48:52:00,2016
351-400,UiT The Arctic University of Norway,Norway,26.5,66.1,18.7,58.8,36.8,0,"10,398",12.2,10,60:40:00,2016
351-400,Universit诈 Libre de Bruxelles,Belgium,26.1,84.5,28.3,47.9,39.1,0,"23,819",26.1,32,54:46:00,2016
351-400,Lille 2 University _研 Health and Law,France,15.1,39.4,9.5,81.7,31.5,0,"26,894",38.5,8,58:42:00,2016
351-400,University College Cork,Republic of Ireland,28.6,75.5,23.8,48.4,47.1,0,"15,805",22.3,15,55:45:00,2016
351-400,Verona University,Italy,23.6,38.3,13.1,76.1,36.6,0,"25,250",19.7,7,65:35:00,2016
351-400,Victoria University of Wellington,New Zealand,26,88.8,28.7,44.3,45.6,0,"17,142",21.1,21,55:45:00,2016
351-400,Washington State University,United States of America,29,39.6,28.2,49.6,57.1,0,"24,550",18.3,7,50:50:00,2016
351-400,Wayne State University,United States of America,31.9,29.6,14.2,65.3,41.7,0,"23,065",10.7,7,57:43:00,2016
401-500,American University,United States of America,42.2,28.9,16.5,41.1,35.9,0,"11,604",12,12,60:40:00,2016
401-500,Aston University,Unted Kingdom,18.4,92.5,20.4,51.9,34.6,0,0,0,0,00:00:00,2016
401-500,University of Aveiro,Portugal,24.8,45.9,26.5,43.6,40.1,0,"10,791",17.8,10,51:49:00,2016
401-500,University of Bari Aldo Moro,Italy,28.7,31.7,21.6,48.8,45.4,0,"51,560",65.1,2,65:35:00,2016
401-500,Bar0Ilan University,Israel,22.6,49.4,21.3,42.3,28.9,0,"17,503",16,5,59:41:00,2016
401-500,Bournemouth University,United Kingdom,32,70.6,12.6,35.2,28.8,0,"14,907",25.9,18,53:47:00,2016
401-500,University of Brescia,Italy,15.6,36.6,14.8,72.3,35.8,0,"14,076",25,7,48:52:00,2016
401-500,Brno University of Technology,Czech Republic,18,35.8,14.7,55.8,33.7,0,"23,694",21.3,15,27 : 73,2016
401-500,Brunel University London,United Kingdom,24.8,91.8,23.3,39.5,34.7,0,"12,613",17.6,38,46:54:00,2016
401-500,Ca_验 Foscari University of Venice,Italy,23.9,38.1,27.8,48.9,32.3,0,"19,267",38.3,7,66:34:00,2016
401-500,University of Cagliari,Italy,19.4,32.6,13.2,56.8,33.6,0,"30,638",51,1,62:38:00,2016
401-500,University of Canterbury,New Zealand,23.5,91,22.5,38.9,52.1,0,"12,187",16.5,20,51:49:00,2016
401-500,Catholic University of the Sacred Heart,Italy,18.6,39,11.3,55.4,38.7,0,"30,304",18.9,10,00:00:00,2016
401-500,Charles University in Prague,Czech Republic,31.5,52.8,21.5,41,28.2,0,"51,438",13,15,62:38:00,2016
401-500,"China Medical University, Taiwan",Taiwan,24,25.7,29.4,45,60.4,0,"7,983",15.4,8,53:47:00,2016
401-500,City University London,United Kingdom,23.5,89.6,21.2,43.5,28.9,0,"13,053",17.8,50,55:45:00,2016
401-500,Claude Bernard University Lyon 1,France,21.3,50.5,13.2,66.5,34.5,0,"35,308",16.1,11,50:50:00,2016
401-500,University of Coimbra,Portugal,28.3,46.2,26.5,42.4,34.8,0,"22,795",19,11,55:45:00,2016
401-500,Complutense University of Madrid,Spain,33.2,39.1,27.6,31.2,30.9,0,"86,519",17.5,13,62:38:00,2016
401-500,Concordia University,Canada,19.3,77.4,23.4,36.4,30.9,0,"31,017",30.3,27,50:50:00,2016
401-500,Curtin University,Australia,20.1,93.1,20.2,44.6,37.8,0,"30,333",17.1,38,53:47:00,2016
401-500,Dublin City University,Republic of Ireland,26.1,76.7,25.2,36.3,51.7,0,"8,546",22.9,17,51:49:00,2016
401-500,East China University of Science and Technology,China,24.1,21.7,17.1,46.4,64.7,0,"27,140",15.5,5,00:00:00,2016
401-500,Ewha Womans University,South Korea,23.9,34.3,18.3,50.4,57.6,0,"17,625",14.4,6,100:00:00,2016
401-500,Federico Santa Mar_a Technical University,Chile,17.2,54.1,10.1,70.5,35.1,0,"11,718",34,2,24 : 76,2016
401-500,University of Ferrara,Italy,17.7,41.8,17.2,63.3,35.9,0,"18,882",30.2,7,56:44:00,2016
401-500,Florida International University,United States of America,25.7,32.8,18.1,49.4,32.7,0,"32,566",25.9,7,56:44:00,2016
401-500,University of Genoa,Italy,27.2,38.8,14.2,59.3,42.3,0,"37,373",29.5,9,56:44:00,2016
401-500,Georgia State University,United States of America,26.3,29.5,19.5,52.9,28.7,0,"28,534",20.4,5,59:41:00,2016
401-500,University of Graz,Austria,24.9,68.9,16.3,53.3,29.3,0,"20,584",26.8,12,65:35:00,2016
401-500,Heriot0Watt University,United Kingdom,23.4,90.1,22.4,36.4,45.6,0,"8,773",17.8,43,41:59:00,2016
401-500,Hokkaido University,Japan,40.3,27.9,32.8,29.3,53.7,0,"18,162",8.2,9,29 : 71,2016
401-500,Howard University,United States of America,38.8,30.3,11,44.5,0,0,"10,297",6.8,5,65:35:00,2016
401-500,University of Hull,United Kingdom,22.4,73.2,16.1,41.1,31.8,0,"15,141",18.7,20,52:48:00,2016
401-500,University of Idaho,United States of America,28.3,32,19.4,40.8,32.4,0,"11,641",21.5,6,47:53:00,2016
401-500,Indian Institute of Technology Delhi,India,35.8,15.5,25.8,33.4,62.8,0,"8,371",17.3,1,0.806944444,2016
401-500,Indian Institute of Technology Kharagpur,India,33.2,13.3,30.5,41.4,31.7,0,"9,928",17.5,0,0.684027778,2016
401-500,Indian Institute of Technology Madras,India,34.6,16.1,20.7,31.4,88.9,0,"8,234",15.9,1,0.847916667,2016
401-500,University of Ioannina,Greece,14.5,36.9,17.7,56.4,32.9,0,"20,825",36.3,4,58:42:00,2016
401-500,Iran University of Science and Technology,Iran,25.9,12.2,26,42.3,61.2,0,"10,311",23.9,0,24 : 76,2016
401-500,Johannes Kepler University of Linz,Austria,19.2,58.5,13.8,51.6,37.4,0,"19,646",29.1,10,48:52:00,2016
401-500,University of Kaiserslautern,Germany,29.6,44.1,22.6,47.5,80.2,0,"14,184",54.4,14,36 : 64,2016
401-500,Keele University,United Kingdom,20,72.7,17.6,53,29.3,0,"8,397",15.7,20,55:45:00,2016
401-500,University of KwaZulu0Natal,South Africa,20.3,58.6,25.7,41.5,38.2,0,"30,572",24.9,6,58:42:00,2016
401-500,Kyung Hee University,South Korea,26.1,46.4,27.6,39.2,89.4,0,"24,356",17.4,14,00:00:00,2016
401-500,Kyushu University,Japan,36.5,26.4,27.5,31.8,83.2,0,"18,925",6.7,8,28 : 72,2016
401-500,Lehigh University,United States of America,23.9,36,15,58.2,38.9,0,"6,300",11.3,15,44:56:00,2016
401-500,Louisiana State University,United States of America,26.8,26.1,27.7,37.8,0,0,"28,116",20.1,6,52:48:00,2016
401-500,University of Macau,Macau,18.5,98.4,17,49.7,34.9,0,"8,521",14.9,31,58:42:00,2016
401-500,Makerere University,Uganda,15.1,58,10.6,70.7,28,0,"37,340",29.4,9,50:50:00,2016
401-500,Marche Polytechnic University,Italy,15.2,27.3,11,80.2,28,0,"16,589",23,4,45:55:00,2016
401-500,"University of Maryland, Baltimore County",United States of America,21.3,28.2,18.2,61.3,31.7,0,"13,908",18.1,7,46:54:00,2016
401-500,Murdoch University,Australia,18.7,88.3,19.6,51.2,36.5,0,"16,606",32.8,43,59:41:00,2016
401-500,University of Nantes,France,19.6,35.1,12.2,69.4,0,0,"33,866",22.2,11,56:44:00,2016
401-500,National and Kapodistrian University of Athens,Greece,26.7,39,16.3,45.8,0,0,"63,052",32.3,9,61:39:00,2016
401-500,National Autonomous University of Mexico,Mexico,42.7,35.9,40.2,14.8,63.7,0,"137,378",11.6,5,51:49:00,2016
401-500,National Cheng Kung University,Taiwan,29.8,27.7,40.2,27.2,100,0,"21,234",14.4,11,36 : 64,2016
401-500,National Institute of Applied Sciences of Lyon (INSA Lyon),France,27,63.6,10.6,41.8,40.3,0,"6,137",8.2,31,31 : 69,2016
401-500,National Yang0Ming University,Taiwan,41.5,15.8,18.5,33.3,30.2,0,"4,496",5.4,2,48:52:00,2016
401-500,University of Neuch闸tel,Switzerland,24.2,91.4,14.7,48.2,0,0,"4,358",8.5,22,59:41:00,2016
401-500,New University of Lisbon,Portugal,26.9,44.5,21.9,38.3,41.3,0,"18,867",17.9,7,49:51:00,2016
401-500,University of Nice Sophia Antipolis,France,21.4,79.5,16.1,53.7,28.5,0,"27,304",20.3,22,56:44:00,2016
401-500,Novosibirsk State University,Russian Federation,41.4,32.4,30.8,26.2,38.2,0,"7,131",7.1,13,52:48:00,2016
401-500,The Open University,United Kingdom,21,51.5,13.8,60.3,28.4,0,"76,683",35.9,9,61:39:00,2016
401-500,Oxford Brookes University,United Kingdom,25.7,68.9,18.8,42.7,28.4,0,"14,238",18.5,25,57:43:00,2016
401-500,University of Palermo,Italy,15.3,23.6,9.1,77.4,28,0,"43,875",22.4,1,60:40:00,2016
401-500,University of Parma,Italy,17.7,36.8,16.6,56.4,37.1,0,"26,937",29.1,7,56:44:00,2016
401-500,University of Pisa,Italy,21.6,31.1,18.9,64.5,31.4,0,"47,247",18,4,52:48:00,2016
401-500,Polytechnic University of Catalonia,Spain,25.2,63.9,14.8,44.7,40.9,0,"22,893",11.7,28,0.561111111,2016
401-500,Pontifical Catholic University of Chile,Chile,28.2,52.4,21.3,37,28,0,"25,075",15.3,7,00:00:00,2016
401-500,University of Porto,Portugal,32,45.4,28.2,37.2,38.7,0,"32,720",18.8,9,54:46:00,2016
401-500,University of Portsmouth,United Kingdom,17.2,79.3,10.9,58.2,28.9,0,"20,161",19.1,23,45:55:00,2016
401-500,RMIT University,Australia,24.7,82.1,17.7,44.6,37,0,"29,501",18.1,25,47:53:00,2016
401-500,University of Rome II _研 Tor Vergata,Italy,23.5,36.5,17.2,64.5,34.7,0,"33,504",26.5,6,52:48:00,2016
401-500,University of Rovira i Virgili,Spain,20.8,41.5,14.8,66.9,30.9,0,"12,533",12.8,9,61:39:00,2016
401-500,Saint Petersburg State University,Russian Federation,47.9,33,31.4,14.5,29.5,0,"20,836",5.2,7,60:40:00,2016
401-500,University of Salento,Italy,29.6,24.5,13.2,53,36.2,0,"19,959",58.4,1,64:36:00,2016
401-500,University of San Francisco,United States of America,34.2,40.1,12.9,43.8,28.6,0,"10,788",17,17,63:37:00,2016
401-500,University of Saskatchewan,Canada,30.8,52.9,22.4,39.7,62.9,0,"19,028",16.3,14,57:43:00,2016
401-500,Sharif University of Technology,Iran,26.6,15.9,30.1,33.7,87.8,0,"10,977",18.7,0,27 : 73,2016
401-500,University of Siena,Italy,23.7,39,17.8,45.2,33.2,0,"18,846",23.6,5,59:41:00,2016
401-500,Southern Cross University,Australia,18.9,52.7,18.3,53.3,37.7,0,"9,026",32.8,15,66:34:00,2016
401-500,State University of New York Albany,United States of America,25.6,31.4,35.3,35.5,28,0,"15,387",18.5,8,51:49:00,2016
401-500,University of Strathclyde,United Kingdom,25.9,71,28,31.8,44.1,0,"15,705",20.2,20,50:50:00,2016
401-500,University of Tampere,Finland,23.5,41.9,13.7,63.7,40,0,"10,045",9.5,4,66:34:00,2016
401-500,Tampere University of Technology,Finland,23.1,54,17.2,45.5,67.5,0,"6,147",15.5,13,1.011805556,2016
401-500,Tokyo Medical and Dental University (TMDU),Japan,39.3,23.1,18.3,36.6,59.5,0,"2,872",3.3,7,51:49:00,2016
401-500,Tokyo Metropolitan University,Japan,21.6,19.9,11.4,72.2,30.9,0,"9,303",9.9,4,35 : 65,2016
401-500,University of Tsukuba,Japan,40,34.4,30,33.7,42.9,0,"15,930",12.6,16,38 : 62,2016
401-500,University of Ulsan,South Korea,19.5,18.6,20.5,54,64.7,0,"14,037",13.3,3,0,2016
401-500,Ulster University,United Kingdom,19.1,79,13.2,44.1,29.2,0,"19,622",15.8,15,55:45:00,2016
401-500,Universit诈 du Qu诈bec _ Montr诈al,Canada,26.8,42.9,24.5,41.6,29.2,0,"27,046",24.7,9,61:39:00,2016
401-500,Universiti Teknologi Malaysia,Malaysia,26.3,51.7,14.6,44.7,31.1,0,"16,270",9,13,43:57:00,2016
401-500,University of Urbino Carlo Bo,Italy,17.2,35,8.7,66.8,31.2,0,"13,435",37.4,7,61:39:00,2016
401-500,University of Valencia,Spain,22.7,40.5,16.9,49.6,31.3,0,"58,413",15.4,9,60:40:00,2016
401-500,University of Waikato,New Zealand,19.3,87,18.2,53.7,30.7,0,"10,159",17,25,57:43:00,2016
401-500,Western Sydney University,Australia,20.1,54,24.6,52.3,30.7,0,"30,704",32.2,9,56:44:00,2016
401-500,Wuhan University,China,38.2,36.7,26.8,18,97.8,0,"46,227",14.4,7,00:00:00,2016
401-500,Xiamen University,China,26.7,25,15.6,47,0,0,"32,921",12.3,5,52:48:00,2016
501-600,American University of Beirut,Lebanon,27.7,93,11.2,31.9,0,0,"7,695",8.9,25,51:49:00,2016
501-600,Amirkabir University of Technology,Iran,24.5,7.7,25.7,34.8,55.7,0,"14,080",25.6,1,34 : 66,2016
501-600,"University of the Andes, Colombia",Colombia,21.2,51.7,13.8,31.2,28,0,"15,773",16.9,2,44:56:00,2016
501-600,University of Arkansas,United States of America,25.5,25.9,17.4,30.3,36.9,0,"22,819",21.2,5,50:50:00,2016
501-600,Auburn University,United States of America,30.2,27.9,19.4,21,37.2,0,"22,386",17.6,4,51:49:00,2016
501-600,Babe0Bolyai University,Romania,27.9,35.4,12.5,32.1,28.6,0,"37,915",23.5,2,67:33:00,2016
501-600,University of the Basque Country,Spain,18.2,34.9,11.9,43.1,30.3,0,"46,373",15.3,5,53:47:00,2016
501-600,Bauman Moscow State Technical University,Russian Federation,44,15.6,23.7,3.1,68.1,0,"18,808",4,4,1.011805556,2016
501-600,Ben0Gurion University of the Negev,Israel,25.1,52.9,21.3,30.1,28.7,0,"16,695",12.6,2,49:51:00,2016
501-600,Blaise Pascal University,France,20.2,66.6,2.9,46.9,0,0,"15,619",7.1,17,55:45:00,2016
501-600,Boazi_i University,Turkey,21.2,38.3,17.2,45.4,35.5,0,"11,506",25,7,50:50:00,2016
501-600,University of Burgundy,France,21.4,50.9,8.8,46.3,0,0,"26,612",20.8,11,54:46:00,2016
501-600,University of Canberra,Australia,18.4,54.6,19.3,29.8,36.2,0,"11,221",28.6,24,54:46:00,2016
501-600,Carleton University,Canada,19.9,61.3,24,32,30.4,0,"25,036",29.8,18,47:53:00,2016
501-600,University of Catania,Italy,19.2,25.3,15.9,52.9,29.5,0,"55,859",49.7,1,61:39:00,2016
501-600,Central Queensland University,Australia,20.9,50.8,11.4,43.7,32.5,0,"11,452",29.6,27,59:41:00,2016
501-600,University of Chile,Chile,28.3,44.1,19.6,30.5,0,0,"29,207",14.2,3,47:53:00,2016
501-600,China Agricultural University,China,35.8,17.6,24.9,22.6,52.3,0,"19,342",12,1,57:43:00,2016
501-600,Chung0Ang University,South Korea,29.9,43.7,27.6,17.4,61.3,0,"13,015",17.4,17,45:55:00,2016
501-600,Czech Technical University in Prague,Czech Republic,20.6,25,9.3,46.5,28.2,0,"22,751",12,0,0,2016
501-600,De Montfort University,United Kingdom,16.8,58.4,10.1,40.1,28.5,0,"16,812",19.1,21,57:43:00,2016
501-600,East China Normal University,China,24.6,30.6,14.7,43.3,42,0,"29,623",14,11,63:37:00,2016
501-600,Edith Cowan University,Australia,18.9,68.7,16.1,35,34.5,0,"27,491",16.1,16,61:39:00,2016
501-600,Federal University of Rio de Janeiro,Brazil,32.4,25.1,19.7,18.3,42.9,0,"52,878",12.8,2,54:46:00,2016
501-600,University of Granada,Spain,24.3,36.4,14.7,45.8,29.4,0,"53,476",16,6,56:44:00,2016
501-600,University of Haifa,Israel,25.5,34.7,29.5,26.2,30.3,0,"17,758",30.8,1,65:35:00,2016
501-600,Harbin Institute of Technology,China,29.4,25.6,27.3,15.7,99.8,0,"31,658",10.8,7,29 : 71,2016
501-600,University of Hertfordshire,United Kingdom,15.5,78.9,9.5,50.5,29.3,0,"19,665",19.4,27,54:46:00,2016
501-600,Hiroshima University,Japan,27.8,22.2,18.9,41.7,42.2,0,"14,686",8.2,5,36 : 64,2016
501-600,Huazhong University of Science and Technology,China,29.3,17.3,22.7,31.6,71.8,0,"57,242",17.7,4,34 : 66,2016
501-600,Indian Institute of Technology Guwahati,India,24.3,12.9,20.7,42.6,32.3,0,"4,710",14.2,1,0.643055556,2016
501-600,Indian Institute of Technology Kanpur,India,33.1,16.4,15,31.5,28,0,"6,167",12.2,0,0.602083333,2016
501-600,Indian Institute of Technology Roorkee,India,29.7,13.9,17.5,37.2,81.4,0,"8,061",18.7,1,0.765972222,2016
501-600,Isfahan University of Technology,Iran,18.1,17.2,23,39.5,99.5,0,"10,964",26.5,1,39 : 61,2016
501-600,Istanbul Technical University,Turkey,19.2,22.9,25.8,26.5,72.1,0,"34,550",16,5,34 : 66,2016
501-600,Jadavpur University,India,32.8,7.7,22.2,31.8,33.8,0,"10,697",16.1,0,30 : 70,2016
501-600,Kanazawa University,Japan,24.7,18.4,14.8,35.5,30.4,0,"10,546",10.4,5,36 : 64,2016
501-600,Kansas State University,United States of America,22.9,41.7,17.5,39.3,43.1,0,"21,379",15.1,10,50:50:00,2016
501-600,Keio University,Japan,25,22.7,17.5,28.5,41.4,0,"33,751",11.9,5,32 : 68,2016
501-600,Kent State University,United States of America,18.4,32.4,14.2,53.8,28.5,0,"23,122",19,8,58:42:00,2016
501-600,King Fahd University of Petroleum and Minerals,Saudi Arabia,25.4,84.5,16.1,24.4,81.2,0,"6,898",7.1,20,0,2016
501-600,King Saud University,Saudi Arabia,20,75.5,17.5,22.3,57.4,0,"40,666",13.4,7,00:00:00,2016
501-600,University of La Laguna,Spain,16.9,44.7,10,44.8,28.5,0,"22,422",14.9,5,58:42:00,2016
501-600,Lappeenranta University of Technology,Finland,27.1,53,27.5,20.8,80.3,0,"3,486",23.9,19,31 : 69,2016
501-600,University of Limerick,Republic of Ireland,19.8,76.5,16.3,36.6,34,0,"12,212",19.8,13,46:54:00,2016
501-600,University of Lisbon,Portugal,25.9,46.6,18.3,32.4,35.4,0,"47,849",17.5,9,51:49:00,2016
501-600,Liverpool John Moores University,United Kingdom,16.4,62.1,11.6,45.9,28.8,0,"18,513",19.8,13,52:48:00,2016
501-600,Mahidol University,Thailand,26.8,44.1,15.1,28.3,71.6,0,"27,402",7.5,3,63:37:00,2016
501-600,Manchester Metropolitan University,United Kingdom,22.7,57.8,10.6,30.8,28.3,0,"28,037",18.2,14,57:43:00,2016
501-600,University of Maribor,Slovenia,17.1,33.6,11.5,42.1,38.7,0,"14,531",17.3,4,00:00:00,2016
501-600,Masaryk University,Czech Republic,21.2,48.9,22.9,27.8,28.5,0,"40,898",26.6,17,62:38:00,2016
501-600,Massey University,New Zealand,23.1,80.5,17.1,31.9,35.8,0,"19,101",16.8,15,62:38:00,2016
501-600,Memorial University of Newfoundland,Canada,18.1,53.3,15.8,35.6,48.3,0,"15,464",14.6,10,59:41:00,2016
501-600,Middle East Technical University,Turkey,29.9,26.7,17.3,28.8,60,0,"25,779",22.2,7,44:56:00,2016
501-600,University of Minho,Portugal,23.9,43.6,20.1,35.3,51.6,0,"19,090",18.8,9,52:48:00,2016
501-600,Missouri University of Science and Technology,United States of America,23.5,40.6,18.4,28.7,52.8,0,"7,647",15.5,12,1.011805556,2016
501-600,Montana State University,United States of America,17.7,23.5,21.8,48,43,0,"12,331",17.8,4,46:54:00,2016
501-600,Monterrey Institute of Technology and Higher Education,Mexico,23.9,59.6,12.7,23.4,75.8,0,"14,353",20.5,12,40 : 60,2016
501-600,National Central University,Taiwan,26.3,27.1,23.2,17.5,75.3,0,"10,915",9.8,6,31 : 69,2016
501-600,National Sun Yat0Sen University,Taiwan,26.1,19.7,33,25.8,44.3,0,"9,336",19.6,4,37 : 63,2016
501-600,National Taiwan Normal University,Taiwan,26.2,38.1,31.3,16.2,81.9,0,"11,072",13,19,57:43:00,2016
501-600,National Technical University of Athens,Greece,20.2,31.3,15,36.2,40.3,0,"14,780",26.9,7,36 : 64,2016
501-600,New Jersey Institute of Technology,United States of America,18.9,48.5,16.6,32.2,32.2,0,"10,646",26.2,17,25 : 75,2016
501-600,New Mexico State University,United States of America,19.5,30.5,19.2,47.2,34.6,0,"15,035",18.8,7,54:46:00,2016
501-600,University of North Carolina at Greensboro,United States of America,18.2,17.4,15.3,43.1,28.9,0,"16,446",19.2,2,66:34:00,2016
501-600,Oklahoma State University,United States of America,27.5,25.6,22.7,33.1,33.7,0,"21,270",21.4,7,49:51:00,2016
501-600,Osaka City University,Japan,26.3,21.3,13.4,34.4,40.7,0,"8,604",10.1,4,36 : 64,2016
501-600,Otto von Guericke University of Magdeburg,Germany,22.9,43.9,14.4,39.7,37.7,0,"14,104",13.1,13,42:58:00,2016
501-600,University of Oviedo,Spain,19.5,36.2,10.8,41.9,34.1,0,"24,210",13.7,5,54:46:00,2016
501-600,Palack_ University in Olomouc,Czech Republic,19.2,48.8,11.8,42.9,28.7,0,"18,540",11.4,9,70:30:00,2016
501-600,Panjab University,India,24.6,14.1,8.8,41,28.1,0,"16,691",23.9,1,46:54:00,2016
501-600,Paris Dauphine University,France,21.9,69.3,11.1,27.6,30.6,0,"9,565",15.4,28,53:47:00,2016
501-600,Pontifical Catholic University of Rio de Janeiro (PUC0Rio),Brazil,24.5,31.3,24.1,23.1,100,0,"14,300",21.2,3,49:51:00,2016
501-600,Portland State University,United States of America,16.8,31.6,14.4,43.3,44.6,0,"20,398",22.2,8,54:46:00,2016
501-600,University of Pretoria,South Africa,25.6,46,21.2,17.5,52.4,0,"37,314",20,8,57:43:00,2016
501-600,Pusan National University,South Korea,27.5,32.9,24.7,20.4,66.8,0,"24,929",19.7,12,51:49:00,2016
501-600,Quaid0i0azam University,Pakistan,17.9,35.4,9.9,45.6,0,0,"12,688",25.7,0,53:47:00,2016
501-600,University of Regina,Canada,15.6,47.7,15.8,34.2,34.4,0,"11,550",22.8,12,61:39:00,2016
501-600,Renmin University of China,China,34.7,40.1,13.7,30.7,42.5,0,"24,954",12.7,6,00:00:00,2016
501-600,University of Rennes 1,France,17.8,53,10.3,44.7,31.7,0,"22,186",13.9,12,50:50:00,2016
501-600,University of Salamanca,Spain,26.1,40.8,16.9,25.9,31.6,0,"31,035",17.9,12,58:42:00,2016
501-600,University of Santiago de Compostela,Spain,22.9,37.1,14.1,46.9,32.3,0,"29,085",15.3,6,63:37:00,2016
501-600,Semmelweis University,Hungary,19.6,81.7,10.6,41.5,30.7,0,"12,920",10.9,25,64:36:00,2016
501-600,University of Seville,Spain,21.5,32,14.9,32.6,36.7,0,"64,931",17.5,7,55:45:00,2016
501-600,Universit诈 de Sherbrooke,Canada,25.6,39.8,9.5,41.3,29.6,0,"13,438",5.4,5,54:46:00,2016
501-600,Soochow University,China,19.2,16,13.7,45.8,75.3,0,"36,465",12.9,2,78:22:00,2016
501-600,South China University of Technology,China,19.5,17.5,22.1,28.1,86.8,0,"41,438",17.7,3,33 : 67,2016
501-600,Tallinn University of Technology,Estonia,16.3,37.9,15,38.7,44.8,0,"14,061",28.6,5,44:56:00,2016
501-600,Tehran University of Medical Sciences,Iran,51.8,14.1,20,9.3,30,0,"13,912",9,1,62:38:00,2016
501-600,University of Texas at Arlington,United States of America,20.1,50.3,10.1,50.9,33.4,0,"29,396",10.5,10,60:40:00,2016
501-600,Tianjin University,China,36.5,14.7,34.4,12.2,100,0,"29,693",12.2,1,00:00:00,2016
501-600,Tokyo University of Agriculture and Technology,Japan,34.9,19.4,24.1,16.9,39.9,0,"5,865",14.4,5,27 : 73,2016
501-600,University of Toledo,United States of America,31.6,37.7,13.4,29.9,32.9,0,"19,465",17.5,9,50:50:00,2016
501-600,Tongji University,China,28.9,37.2,29.2,13.1,63.5,0,"37,394",13.5,10,38 : 62,2016
501-600,University of Tulsa,United States of America,29.7,43.8,12.9,24.6,71.7,0,"4,597",12.5,25,43:57:00,2016
501-600,United Arab Emirates University,United Arab Emirates,18.8,95,14.8,21.7,30.1,0,"9,221",12.5,26,76:24:00,2016
501-600,University of Warsaw,Poland,26.1,41.6,15.8,42.2,28.5,0,"49,292",14.1,7,67:33:00,2016
501-600,University of Wisconsin0Milwaukee,United States of America,17.3,26,13.8,45.5,29,0,"22,542",18.4,5,52:48:00,2016
501-600,Xi_验an Jiaotong University,China,28.7,25.8,22.5,25.5,70.4,0,"29,863",12.3,4,34 : 66,2016
501-600,University of Zaragoza,Spain,20.1,33.5,12.7,49.5,36.7,0,"31,046",11.8,5,55:45:00,2016
601-800,University of A Coru毡a,Spain,18.3,23.4,10,16.6,38.2,0,"17,062",13,2,52:48:00,2016
601-800,Adam Mickiewicz University,Poland,20,25.7,11,15.3,28.7,0,"40,633",15.6,1,71:29:00,2016
601-800,AGH University of Science and Technology,Poland,14.2,17.9,3.7,35.7,0,0,"35,569",17,1,0,2016
601-800,Ajou University,South Korea,19.5,20,11.9,23.9,45.7,0,"12,706",11.3,2,33 : 67,2016
601-800,University of Alcal,Spain,17.6,50,11.2,28.3,43.3,0,"30,812",25.1,18,53:47:00,2016
601-800,Alexandria University,Egypt,20.3,33.7,8.2,14.1,29.7,0,"127,431",23.3,1,46:54:00,2016
601-800,Alexandru Ioan Cuza University,Romania,24.9,46.9,13.6,7,28.2,0,"25,724",33,5,63:37:00,2016
601-800,Aligarh Muslim University,India,28.3,18.7,10,20.9,29.6,0,"11,197",10.5,2,0.765972222,2016
601-800,American University of Sharjah,United Arab Emirates,12.4,95.6,10.6,13.3,33.3,0,"5,226",14.1,82,48:52:00,2016
601-800,Amrita University,India,20.4,29.6,5.8,20.7,28,0,"17,273",6.6,8,00:00:00,2016
601-800,Anadolu University,Turkey,12.2,14.3,22.6,10.9,100,0,"379,231",162.6,1,78:22:00,2016
601-800,Andhra University,India,34.8,7.2,6.9,1.2,31.3,0,"10,407",20.2,3,36 : 64,2016
601-800,University of Antioquia,Colombia,18.1,42,21.1,14.8,43.6,0,"38,872",23,1,50:50:00,2016
601-800,Aristotle University of Thessaloniki,Greece,22.6,36.6,15,29.5,33.6,0,"46,288",22.2,9,52:48:00,2016
601-800,"Asia University, Taiwan",Taiwan,14.4,18.3,15.9,30.5,38.4,0,"12,119",26.3,3,53:47:00,2016
601-800,Athens University of Economics and Business,Greece,13.4,39.2,18.8,31.2,66.5,0,"13,167",57.5,6,47:53:00,2016
601-800,Auckland University of Technology,New Zealand,17.3,95.6,9.8,21.7,28.5,0,"18,981",18.1,38,58:42:00,2016
601-800,Austral University of Chile,Chile,16.7,45.2,9.7,14.2,41.1,0,"13,794",17.8,1,47:53:00,2016
601-800,Beijing Institute of Technology,China,25.9,16.9,21.7,9.1,87.6,0,0,0,0,00:00:00,2016
601-800,Belarusian State University,Belarus,20.2,48.2,8.7,6,28,0,"29,303",10.6,6,69:31:00,2016
601-800,University of Belgrade,Serbia,20.4,30.5,13.2,14,45.6,0,"96,968",28.3,5,60:40:00,2016
601-800,"Birla Institute of Technology and Science, Pilani",India,18.3,13.7,8.3,17.4,29.6,0,"11,837",19.5,0,0.970833333,2016
601-800,University of Bradford,United Kingdom,18.7,79.1,15.9,22.7,32.7,0,"11,065",20.5,32,53:47:00,2016
601-800,University of Bras_lia,Brazil,21.9,24.1,7.4,10.4,0,0,"45,880",14.5,2,52:48:00,2016
601-800,University of Brighton,United Kingdom,16.7,62.8,10.7,20.1,29.4,0,"16,924",19.5,19,58:42:00,2016
601-800,University of Bucharest,Romania,34.3,21.3,11.5,9.9,29.5,0,"31,806",24.9,2,70:30:00,2016
601-800,Budapest University of Technology and Economics,Hungary,17.1,30.4,13.7,21.6,39.7,0,"22,447",22.1,4,32 : 68,2016
601-800,Cairo University,Egypt,18.9,31,11.1,11.9,30.3,0,"231,941",39.1,3,47:53:00,2016
601-800,University of Calcutta,India,34.7,13.1,8.7,19.8,29.2,0,"18,511",32.5,0,00:00:00,2016
601-800,"California State University, Long Beach",United States of America,11.6,18.9,10.4,23.3,0,0,"29,594",32.3,5,58:42:00,2016
601-800,Capital Medical University,China,26.3,18.8,14.9,16.3,28.8,0,"11,506",7.1,3,70:30:00,2016
601-800,University of Castilla0La Mancha,Spain,18.4,28.6,10.3,30.5,29.7,0,"26,381",14.3,3,56:44:00,2016
601-800,University of Central Lancashire,United Kingdom,15.7,54.1,9.4,28.2,28.9,0,"18,542",17.5,17,57:43:00,2016
601-800,University of Cergy0Pontoise,France,18.7,49.1,6.3,13.2,28.6,0,"17,000",9.2,11,53:47:00,2016
601-800,Chang Gung University,Taiwan,19.3,15.7,24.7,27.6,31.9,0,"7,506",12.6,0,42:58:00,2016
601-800,Carlos III University of Madrid,Spain,23.2,44.7,17.4,24.8,34.8,0,"15,730",11.4,9,43:57:00,2016
601-800,"University of Chemistry and Technology, Prague",Czech Republic,21.6,46.3,12,17.4,38.9,0,"4,699",11,19,00:00:00,2016
601-800,Chiang Mai University,Thailand,17.8,34.9,9.4,30,32.3,0,"35,617",16.5,1,0.847916667,2016
601-800,Chiba University,Japan,26.9,21,16.8,24.8,55.3,0,"14,554",12.3,5,37 : 63,2016
601-800,China University of Geosciences (Wuhan),China,21.1,16.1,21.4,21.5,64.5,0,"29,483",20.7,3,00:00:00,2016
601-800,China University of Petroleum (Beijing),China,23.6,15.9,26.6,4,100,0,"14,579",19.4,6,00:00:00,2016
601-800,Chonbuk National University,South Korea,19.7,27.2,14.7,24.5,33.3,0,"23,270",15,3,45:55:00,2016
601-800,Chongqing University,China,19.5,15.5,15.5,8.7,73.8,0,"43,955",16,3,00:00:00,2016
601-800,Chonnam National University,South Korea,17.5,20.4,11.7,29.1,31.4,0,"35,779",18.5,3,41:59:00,2016
601-800,Chulalongkorn University,Thailand,23.8,32.8,14.1,16.7,37.8,0,"38,719",14.5,2,59:41:00,2016
601-800,Chung Yuan Christian University,Taiwan,15.9,18.7,22.1,17.4,41.9,0,"15,020",30.2,3,41:59:00,2016
601-800,Chungnam National University,South Korea,23.2,19.8,17.7,13.2,39.9,0,"18,361",17.2,3,00:00:00,2016
601-800,Clemson University,United States of America,21.4,34.6,19.7,27,35.8,0,"19,198",17.1,8,46:54:00,2016
601-800,Comenius University in Bratislava,Slovakia,23,46.9,10.3,19.6,28,0,"20,879",9.7,10,54:46:00,2016
601-800,Coventry University,United Kingdom,17.1,69.6,7.7,18.4,29.1,0,"21,934",14.8,35,47:53:00,2016
601-800,Dalian University of Technology,China,22.6,20.7,19,23.5,93.3,0,"34,326",15.2,2,33 : 67,2016
601-800,University of Debrecen,Hungary,17.3,49,11.4,20.9,0,0,"29,714",20.3,13,57:43:00,2016
601-800,University of Delhi,India,29.8,15.4,10.8,19.1,28.2,0,"32,567",22.9,1,50:50:00,2016
601-800,University of Dhaka,Bangladesh,21.7,37.2,7.2,9.6,0,0,"62,716",6.9,5,34 : 66,2016
601-800,Dublin Institute of Technology,Republic of Ireland,16.1,70.5,8.8,20.7,28.1,0,"13,839",18.9,25,41:59:00,2016
601-800,Ehime University,Japan,19.2,20.9,11.3,17.5,37.8,0,"8,394",9.9,1,39 : 61,2016
601-800,University of Electronic Science and Technology of China,China,20.5,13.4,12.9,8.8,28,0,"21,689",9.8,0,0.929861111,2016
601-800,E_tv_s Lornd University,Hungary,21.3,43,12.1,30.6,29.3,0,"28,698",22.4,4,0,2016
601-800,Erciyes University,Turkey,15.5,17.2,10.9,18,30.3,0,"28,079",28,2,46:54:00,2016
601-800,Federal University of Bahia,Brazil,18.2,19.7,8.1,14.3,0,0,"39,861",17.9,1,47:53:00,2016
601-800,Federal University of Minas Gerais,Brazil,27.9,21.6,15.4,23.1,30.7,0,"42,612",13.5,1,55:45:00,2016
601-800,Federal University of Paran (UFPR),Brazil,24.6,15.5,9.6,7,0,0,"21,850",11.2,1,00:00:00,2016
601-800,Federal University of Rio Grande do Sul,Brazil,32.6,18.9,13.7,16.8,0,0,"38,743",14.8,1,50:50:00,2016
601-800,Federal University of Santa Catarina,Brazil,26,21,12.2,14.2,42.9,0,"26,078",12.6,1,48:52:00,2016
601-800,Federal University of S眨o Carlos,Brazil,29,16.8,10.8,11.5,0,0,"18,587",16.9,0,00:00:00,2016
601-800,Federal University of Vi_osa,Brazil,39.7,15,14.5,3.9,59,0,"13,163",11.4,3,70:30:00,2016
601-800,Federal University of Lavras,Brazil,25.8,14.5,16.4,3,0,0,"10,350",20.9,2,53:47:00,2016
601-800,Feng Chia University,Taiwan,14.6,21.1,13.7,34.4,33.9,0,"20,213",23.9,7,36 : 64,2016
601-800,Florida Institute of Technology,United States of America,20.4,62.4,13.5,24.6,33.4,0,"4,408",13.7,26,34 : 66,2016
601-800,Fu Jen Catholic University,Taiwan,14.4,19.1,9.8,18.2,47,0,"25,951",22.8,4,59:41:00,2016
601-800,Gdask University of Technology,Poland,15.5,16.1,9.5,15.2,36.8,0,"25,217",23.3,1,39 : 61,2016
601-800,University of Ghana,Ghana,15.6,48.4,15.6,19.5,0,0,"37,274",37.5,2,41:59:00,2016
601-800,Gifu University,Japan,25.4,18.5,16.9,14.7,32.8,0,"7,318",12.4,4,35 : 65,2016
601-800,Glasgow Caledonian University,United Kingdom,17.1,55,10.4,24.2,29.9,0,"13,527",21.6,16,60:40:00,2016
601-800,University of Greenwich,United Kingdom,15.7,81.8,9.5,17.7,30,0,"18,096",24.6,32,53:47:00,2016
601-800,Hacettepe University,Turkey,21,19.6,11.8,19.7,28.2,0,"39,606",20.4,4,56:44:00,2016
601-800,University of Huddersfield,United Kingdom,17.4,55.2,5.4,16.5,28,0,"15,436",18.1,25,54:46:00,2016
601-800,Hunan University,China,18.3,14.8,15,21.2,46.7,0,"42,756",24.7,2,43:57:00,2016
601-800,University of Ibadan,Nigeria,22.7,26.1,11.1,4.6,29.2,0,"26,247",17.1,1,45:55:00,2016
601-800,University of Indonesia,Indonesia,18.1,37.2,8,13.9,40,0,"43,565",15.8,0,51:49:00,2016
601-800,Inha University,South Korea,20.7,23.5,20,22.5,64.7,0,"20,353",24.1,3,36 : 64,2016
601-800,I0Shou University,Taiwan,12.8,24.8,11.5,13.3,41,0,"16,263",29.9,10,45:55:00,2016
601-800,Istanbul University,Turkey,26,20,23.3,10,100,0,"82,096",41.1,6,44:56:00,2016
601-800,Jagiellonian University,Poland,24,33.5,14.4,30.7,28,0,"42,835",11.5,5,67:33:00,2016
601-800,Jilin University,China,28.2,20.3,14.4,14.6,42.1,0,"65,605",13.6,3,46:54:00,2016
601-800,University of Jordan,Jordan,19,53.7,7.7,7.8,28.8,0,"35,577",13.6,13,67:33:00,2016
601-800,Jordan University of Science and Technology,Jordan,16.4,62.2,6.2,16.4,31.4,0,"24,686",16.4,23,55:45:00,2016
601-800,Juntendo University,Japan,32.3,16.7,10.5,24,51.1,0,"3,955",3.7,1,52:48:00,2016
601-800,K.N. Toosi University of Technology,Iran,20.9,7.1,18.1,22.5,45.5,0,"7,146",24.6,0,32 : 68,2016
601-800,Kaohsiung Medical University,Taiwan,20.6,19.9,22.2,20.5,33.2,0,"7,009",12.6,5,56:44:00,2016
601-800,Khon Kaen University,Thailand,18.2,31.5,7.4,19.9,35.7,0,"39,669",16.9,1,62:38:00,2016
601-800,King Mongkut_验s University of Technology Thonburi,Thailand,18.2,28.5,11.4,36.2,70.3,0,"17,791",23.7,1,42:58:00,2016
601-800,Kingston University,United Kingdom,16.9,76.8,12.1,26.7,28.5,0,"20,778",20.9,34,53:47:00,2016
601-800,Kinki University,Japan,18.5,17,7.9,30,33.2,0,"31,216",11.6,2,00:00:00,2016
601-800,Kobe University,Japan,27.8,21.1,15.4,24.3,45.1,0,"15,885",8.4,6,33 : 67,2016
601-800,Konkuk University,South Korea,20,22.6,19.6,17,36,0,"26,483",23.5,6,47:53:00,2016
601-800,Kumamoto University,Japan,23.4,22.2,11.6,28.1,43.1,0,"10,226",7.6,5,37 : 63,2016
601-800,Kyungpook National University,South Korea,21.1,21.7,16,18.1,34.9,0,"27,152",14.4,4,42:58:00,2016
601-800,Kyushu Institute of Technology,Japan,19.4,20.7,12.5,14.2,44.1,0,"5,890",12.1,4,0.520138889,2016
601-800,University of Latvia,Latvia,22.6,31.5,10.2,20.9,28.3,0,"15,100",26.5,3,68:32:00,2016
601-800,Lille 1 University _研 Science and Technology,France,20,60.3,8.6,32.4,31.8,0,"19,599",14.5,18,41:59:00,2016
601-800,University of Lincoln,United Kingdom,17.9,60.5,11.9,26.4,29.3,0,"10,665",18.9,11,54:46:00,2016
601-800,University of Ljubljana,Slovenia,24.9,34.5,13.6,24,32.3,0,"48,821",17.6,4,60:40:00,2016
601-800,University of Marrakech Cadi Ayyad,Morocco,17.4,42.7,6.3,12.1,29.2,0,"56,060",38.7,1,46:54:00,2016
601-800,Miami University,United States of America,19.2,24.8,15.7,36.1,30.2,0,"16,370",20.5,7,53:47:00,2016
601-800,Middlesex University,United Kingdom,18.5,81,10.6,25.7,0,0,"17,753",24.7,44,59:41:00,2016
601-800,Moscow Institute of Physics and Technology,Russian Federation,34.3,44.4,16.3,15.5,28,0,"5,395",7,12,00:00:00,2016
601-800,University of Murcia,Spain,19.3,28.3,11.7,28,29.5,0,"31,460",15.8,6,62:38:00,2016
601-800,Nagasaki University,Japan,22.8,21.9,10.8,14.3,0,0,"9,137",7.2,4,36 : 64,2016
601-800,University of Nairobi,Kenya,13.7,45.5,9,19.5,28,0,"72,676",47,1,40 : 60,2016
601-800,National Chengchi University,Taiwan,18.4,33.1,12.5,14,31.3,0,"16,867",18.4,10,57:43:00,2016
601-800,National Chung Cheng University,Taiwan,21.3,14.2,20.3,15.7,40.8,0,"11,989",22.9,1,00:00:00,2016
601-800,National Chung Hsing University,Taiwan,20.2,16.9,16.8,24.5,42.5,0,"15,632",20.3,4,39 : 61,2016
601-800,National Taipei University of Technology,Taiwan,17.8,16,14.6,16.4,81.3,0,"10,227",16.5,3,25 : 75,2016
601-800,National Taiwan Ocean University,Taiwan,18.1,20.3,21,18.2,49.3,0,"8,240",20.9,5,30 : 70,2016
601-800,National University of C_rdoba,Argentina,16,28.1,9,12.5,28.6,0,"108,373",38.1,2,62:38:00,2016
601-800,National University of Science and Technology (MISiS),Russian Federation,24.8,33.7,17.5,10.8,67.2,0,"4,441",6.7,13,43:57:00,2016
601-800,National University of Sciences and Technology,Pakistan,21.4,31.3,7,35,31.3,0,"9,808",7.8,3,27 : 73,2016
601-800,Niigata University,Japan,21.9,19.3,10.1,17.5,33,0,"12,460",8.5,3,37 : 63,2016
601-800,Northumbria University,United Kingdom,17.7,55.1,10.9,29.2,29.1,0,"22,750",19.3,16,55:45:00,2016
601-800,Northwestern Polytechnical University,China,23.4,15.2,15.4,3.5,28,0,"23,056",14.1,3,25 : 75,2016
601-800,Nottingham Trent University,United Kingdom,16.5,52.7,8.9,27.3,28.4,0,"21,852",17.4,18,55:45:00,2016
601-800,Oakland University,United States of America,18.1,23.3,11.9,21.9,30.3,0,"14,584",19.8,2,60:40:00,2016
601-800,Ocean University of China,China,18.9,15.6,10.7,12.9,50.1,0,"36,205",20.6,1,40 : 60,2016
601-800,Ohio University,United States of America,25,33.6,14.9,24.6,30.1,0,"22,224",20,10,50:50:00,2016
601-800,Okayama University,Japan,24.3,20.6,14.9,25.3,48,0,"13,035",8.6,3,38 : 62,2016
601-800,Osaka Prefecture University,Japan,21.6,17.6,10.2,17.5,41.5,0,"8,051",7.5,3,36 : 64,2016
601-800,University of Pardubice,Czech Republic,15.9,23.4,11.9,11.1,28.3,0,"10,671",19.8,4,55:45:00,2016
601-800,University of Paris North _研 Paris 13,France,17.5,46.4,11.6,36.2,28,0,"23,026",23.4,22,60:40:00,2016
601-800,Paris0Sorbonne University _研 Paris 4,France,31.1,44.2,21.3,7.1,28.5,0,"21,580",27.4,21,69:31:00,2016
601-800,University of Patras,Greece,18.5,30.6,12.1,28.8,48.3,0,"29,251",40.9,4,46:54:00,2016
601-800,University of P诈cs,Hungary,19.7,50.8,9,23.4,28.4,0,"21,819",15.4,10,00:00:00,2016
601-800,Polytechnic University of Valencia,Spain,20.3,32.9,12.7,34.3,43.8,0,"33,172",13.6,7,36 : 64,2016
601-800,Pontifical Catholic University of Paran,Brazil,18.4,18.6,6.5,32.2,28,0,"7,741",10.9,2,0.110416667,2016
601-800,Pontifical Catholic University of Rio Grande do Sul (PUCRS),Brazil,21.1,18.7,10.9,27.6,52.3,0,"14,797",10.1,0,50:50:00,2016
601-800,Pontifical Catholic University of Valpara_so,Chile,18.4,35.7,8,10.4,44.3,0,"13,493",10.4,0,45:55:00,2016
601-800,Prince of Songkla University,Thailand,15.3,31,7,22.2,31.6,0,"38,274",16.1,1,69:31:00,2016
601-800,Qatar University,Qatar,9.9,99.9,10.3,22.3,55.2,0,"9,583",19,42,74:26:00,2016
601-800,Rio de Janeiro State University (UERJ),Brazil,21.7,16.8,9.1,12.3,30.8,0,"28,757",10.1,0,46:54:00,2016
601-800,Rochester Institute of Technology,United States of America,17.4,29.8,13.4,25.1,30.4,0,"12,965",13.5,13,34 : 66,2016
601-800,Saitama University,Japan,18.6,20.6,9.6,23.4,29.6,0,"7,469",11.7,2,33 : 67,2016
601-800,University of Salford,United Kingdom,20.8,66.4,12.1,21.2,28.8,0,"16,152",17,25,51:49:00,2016
601-800,"University of Santiago, Chile (USACH)",Chile,17.6,40.4,11.3,10.2,31,0,"22,739",23.6,1,39 : 61,2016
601-800,S眨o Paulo State University (UNESP),Brazil,28,18.7,22.6,6.7,40.1,0,"50,594",13,5,52:48:00,2016
601-800,Savitribai Phule Pune University,India,38.3,17.3,12.4,11.4,29.3,0,"4,858",14.6,3,25 : 75,2016
601-800,University of Science and Technology Beijing,China,25.1,15.6,22.4,6.9,89.7,0,"22,780",15.1,4,36 : 64,2016
601-800,Sejong University,South Korea,18.9,25.2,12.2,38.7,35.4,0,"11,704",15.5,3,43:57:00,2016
601-800,University of Seoul,South Korea,22.8,18.7,17.5,21.4,28.9,0,"10,243",19,3,36 : 64,2016
601-800,Shahid Beheshti University,Iran,20.5,13.8,19,11.4,58.9,0,"17,800",24.9,1,52:48:00,2016
601-800,Shanghai University,China,19.1,15.8,16.1,14.8,45.7,0,"46,044",17.5,3,48:52:00,2016
601-800,Shantou University,China,17.6,30.7,9.1,28.3,30.7,0,"9,593",13.5,0,48:52:00,2016
601-800,Sheffield Hallam University,United Kingdom,17.3,47,9.4,20.1,28.6,0,"27,477",18.8,15,53:47:00,2016
601-800,Shinshu University,Japan,20.8,20.3,8.3,22,31.6,0,"11,232",9.6,3,00:00:00,2016
601-800,Showa University,Japan,28.5,14,7.9,7,0,0,"3,675",2.5,0,57:43:00,2016
601-800,Sichuan University,China,25,15.7,18.4,16.1,90.8,0,"65,035",14.5,2,48:52:00,2016
601-800,University of Silesia in Katowice,Poland,17.7,18.5,8,20.4,28.1,0,"32,764",17.3,1,65:35:00,2016
601-800,Slovak University of Technology in Bratislava,Slovakia,23.3,30.6,8.6,24.9,33.2,0,"16,400",15.3,2,31 : 69,2016
601-800,Sogang University,South Korea,21.5,27.7,24.8,20.5,46.8,0,"10,625",24.1,7,43:57:00,2016
601-800,Sophia University,Japan,22,32.8,9.4,5.3,29.5,0,"12,799",24.3,8,53:47:00,2016
601-800,University of South Africa,South Africa,18.4,28.7,11.3,9.4,28.8,0,"197,102",108.5,9,65:35:00,2016
601-800,Southern Federal University,Russian Federation,21.9,17.3,8.2,9.2,39.5,0,"27,556",9,3,56:44:00,2016
601-800,University of Southern Mississippi,United States of America,21,20.8,11.8,20.1,39.9,0,"14,569",18.5,3,63:37:00,2016
601-800,University of Southern Queensland,Australia,18.4,63,13.1,14.4,28.8,0,"13,761",29.2,21,55:45:00,2016
601-800,Suez Canal University,Egypt,22.6,31.6,5.9,16,0,0,"16,817",6,0,65:35:00,2016
601-800,Sultan Qaboos University,Oman,21.3,71.5,10.6,16,37.6,0,"7,089",9,3,50:50:00,2016
601-800,Suranaree University of Technology,Thailand,21.1,25.9,11.6,18.4,38.1,0,"12,650",32.9,1,50:50:00,2016
601-800,University of Szeged,Hungary,20,46.9,10.5,20.5,33.2,0,"22,684",13.8,9,58:42:00,2016
601-800,Taipei Medical University,Taiwan,25.7,26.5,21.7,19,42.2,0,"6,001",11.1,6,58:42:00,2016
601-800,Taras Shevchenko National University of Kyiv,Ukraine,27.9,28.2,11,4.2,28,0,"22,686",8.2,2,45:55:00,2016
601-800,Technical University of Madrid,Spain,21.8,39.5,14.6,24.5,38.3,0,"41,500",13.8,11,32 : 68,2016
601-800,University of Tehran,Iran,26.1,16.5,16.9,15.8,0,0,"53,802",27,1,45:55:00,2016
601-800,University of Texas at El Paso,United States of America,18.6,30.4,18.7,18.4,0,0,"19,123",29,7,54:46:00,2016
601-800,Texas Tech University,United States of America,27.9,36.8,17.2,22,0,0,"29,512",20.9,7,46:54:00,2016
601-800,Tokai University,Japan,17.9,19.3,7.6,15.3,34.4,0,"29,700",12.7,1,27 : 73,2016
601-800,Tokushima University,Japan,25.3,16.8,21.6,12.8,59.6,0,"7,519",8.9,3,34 : 66,2016
601-800,Tokyo University of Marine Science and Technology,Japan,27.9,24.5,12.4,7.7,57.9,0,"2,597",11.1,7,34 : 66,2016
601-800,Tokyo University of Science,Japan,23,15.4,24.1,21.4,37.6,0,"20,243",25.7,2,0.888888889,2016
601-800,Tomsk State University,Russian Federation,34.8,36.9,20.8,7.6,44,0,"10,413",9.9,12,60:40:00,2016
601-800,Tottori University,Japan,24.3,16.7,10.1,9.6,34.5,0,"6,248",8.2,2,34 : 66,2016
601-800,Toyohashi University of Technology,Japan,22,25.4,18.9,15.8,50.3,0,"2,153",9.3,9,0.438194444,2016
601-800,Universiti Kebangsaan Malaysia,Malaysia,24.3,29.7,15.9,10.9,28.4,0,"24,227",11.8,12,62:38:00,2016
601-800,Universiti Putra Malaysia,Malaysia,25.3,50.1,20.9,10.2,34.2,0,"23,883",12.2,16,63:37:00,2016
601-800,Universiti Sains Malaysia,Malaysia,26.9,44.2,16.6,12.4,34.4,0,"28,179",14.8,10,61:39:00,2016
601-800,Universiti Teknologi MARA,Malaysia,15.2,14.8,7.7,18.2,28.3,0,"69,268",16.8,0,65:35:00,2016
601-800,Ural Federal University,Russian Federation,24.8,17.3,10.6,16.8,35.6,0,"28,427",10.1,3,48:52:00,2016
601-800,V.N. Karazin Kharkiv National University,Ukraine,21.7,48.4,8.9,1.7,28.8,0,"14,410",9.7,22,53:47:00,2016
601-800,University of Vigo,Spain,18.4,30.7,10.5,31.8,38.1,0,"22,793",19,3,51:49:00,2016
601-800,Vilnius University,Lithuania,18.3,40.8,13.6,26.1,41,0,"19,019",14.2,4,65:35:00,2016
601-800,Warsaw University of Technology,Poland,19.4,20.7,8.5,40.3,47.4,0,"34,572",14.5,3,34 : 66,2016
601-800,Waseda University,Japan,23.6,29.7,14.6,29.4,32.4,0,"52,316",16.9,8,35 : 65,2016
601-800,University of West Bohemia,Czech Republic,16.3,23.1,9.7,29.8,32.1,0,"15,639",21.5,2,52:48:00,2016
601-800,University of the West of England,United Kingdom,16.9,48.5,11.2,34.6,28.5,0,"22,525",21.4,15,53:47:00,2016
601-800,West University of Timioara,Romania,16.1,21,3.9,22.4,0,0,"12,933",19,3,62:38:00,2016
601-800,University of Westminster,United Kingdom,17.3,81.9,11.7,21.1,28.5,0,"16,609",21,43,57:43:00,2016
601-800,Xidian University,China,17.9,12.8,12.1,8.9,83.7,0,"31,618",16.4,2,29 : 71,2016
601-800,Yeungnam University,South Korea,18.6,24.3,10.9,26.5,35.4,0,"21,958",15.3,3,48:52:00,2016
601-800,Yldz Technical University,Turkey,14.5,14.9,7.6,19.3,44,0,"31,268",28.7,2,36 : 64,2016
601-800,Yokohama City University,Japan,24,16.1,10.2,36.4,37.9,0,"4,122",3.7,3,00:00:00,2016
601-800,Yokohama National University,Japan,20.1,23.3,16,13.5,40.4,0,"10,117",12.1,8,28 : 72,2016
601-800,Yuan Ze University,Taiwan,16.2,17.7,18.3,28.6,39.8,0,"8,663",20.6,4,43:57:00,2016